entry,numberOfJets,numberOfBJets,met,jetPtRec[0],jetPtRec[1],jetPtRec[2],jetPtRec[3],jetEtaRec[0],jetEtaRec[1],jetEtaRec[2],jetEtaRec[3],jetPhiRec[0],jetPhiRec[1],jetPhiRec[2],jetPhiRec[3],jetMass[0],jetMass[1],jetMass[2],jetMass[3]
0,3,0,164.022,81.166,45.7279,37.4597,-1,-1.29911,-1.48401,-0.47742,0,-1.65547,-1.09696,-0.0183598,0,8.54033,7.31501,6.33854,0
1,1,0,42.7228,56.6207,-1,-1,-1,-0.219115,0,0,0,0.584062,0,0,0,8.79824,0,0,0
2,2,0,353.787,418.504,58.086,-1,-1,-0.0985333,1.06295,0,0,2.95531,0.444459,0,0,37.2162,10.0418,0,0
3,1,0,101.703,77.3521,-1,-1,-1,-1.41069,0,0,0,-0.105398,0,0,0,10.6051,0,0,0
4,2,0,38.6829,84.5229,44.2928,-1,-1,1.52379,0.904595,0,0,2.37352,0.695493,0,0,9.82584,9.29103,0,0
5,1,0,47.4332,58.4781,-1,-1,-1,-1.07617,0,0,0,-0.958694,0,0,0,8.78611,0,0,0
6,1,0,64.3788,47.8082,-1,-1,-1,-0.107761,0,0,0,2.00338,0,0,0,8.12594,0,0,0
7,2,0,115.607,62.9835,53.2147,-1,-1,-0.572535,-0.897368,0,0,1.51905,-2.60325,0,0,13.184,8.97022,0,0
8,1,0,114.016,124.608,-1,-1,-1,1.93778,0,0,0,-0.794309,0,0,0,11.8936,0,0,0
9,0,0,63.4827,-1,-1,-1,-1,0,0,0,0,0,0,0,0,0,0,0,0
10,0,0,23.5674,-1,-1,-1,-1,0,0,0,0,0,0,0,0,0,0,0,0
11,0,0,64.0703,-1,-1,-1,-1,0,0,0,0,0,0,0,0,0,0,0,0
12,1,0,47.0057,37.5775,-1,-1,-1,2.32163,0,0,0,-1.74258,0,0,0,7.31331,0,0,0
13,1,0,40.605,47.105,-1,-1,-1,1.32406,0,0,0,0.786763,0,0,0,5.59954,0,0,0
14,1,0,151.675,84.1175,-1,-1,-1,1.27266,0,0,0,1.67085,0,0,0,14.8954,0,0,0
15,1,0,114.753,90.4467,-1,-1,-1,-0.222486,0,0,0,-0.377982,0,0,0,13.3954,0,0,0
16,0,0,69.1848,-1,-1,-1,-1,0,0,0,0,0,0,0,0,0,0,0,0
17,3,0,111.426,150.134,93.907,43.0914,-1,1.51964,-0.859912,2.33092,0,2.89461,0.271075,2.65696,0,23.3639,11.9623,9.74145,0
18,1,0,40.5155,76.2151,-1,-1,-1,0.215081,0,0,0,1.93118,0,0,0,6.56617,0,0,0
19,2,0,151.705,86.6945,83.6857,-1,-1,0.252767,0.106033,0,0,-1.92833,-0.834465,0,0,11.633,11.6859,0,0
20,3,0,186.398,71.7094,67.8268,55.8136,-1,-0.234089,-1.7618,-1.75008,0,-2.50389,-3.08686,-1.22649,0,13.5982,8.16442,12.2732,0
21,1,0,69.4929,84.2348,-1,-1,-1,1.55834,0,0,0,-0.58971,0,0,0,9.96848,0,0,0
22,3,0,93.2912,96.5348,67.798,39.3539,-1,-1.95031,-1.34058,0.249242,0,2.39116,-2.57791,-1.01658,0,7.32916,9.18331,6.53632,0
23,4,0,194.334,167.752,78.5151,66.2515,39.6709,-0.280176,1.38042,0.125552,0.981554,-1.14258,2.86978,-1.78442,-1.30771,24.2211,13.217,7.76338,5.98724
24,1,0,53.1048,68.4032,-1,-1,-1,-1.61368,0,0,0,0.666091,0,0,0,11.5429,0,0,0
25,1,0,225.763,167.768,-1,-1,-1,1.62387,0,0,0,-2.58422,0,0,0,16.4748,0,0,0
26,2,0,43.8608,73.9941,51.8338,-1,-1,-0.247173,-0.893639,0,0,-1.31308,-3.11226,0,0,10.2987,7.03498,0,0
27,2,0,59.3662,48.8517,40.9755,-1,-1,1.45689,2.35887,0,0,0.0985093,2.67636,0,0,6.07572,4.41186,0,0
28,1,0,51.6141,43.5427,-1,-1,-1,-0.0937122,0,0,0,0.861132,0,0,0,5.89213,0,0,0
29,0,0,140.813,-1,-1,-1,-1,0,0,0,0,0,0,0,0,0,0,0,0
30,1,0,40.8479,67.1657,-1,-1,-1,-0.7166,0,0,0,2.86267,0,0,0,10.4862,0,0,0
31,3,0,65.4806,158.159,43.3359,40.3931,-1,-0.599763,-0.427662,-0.185056,0,-2.17559,2.97077,-1.89675,0,35.3247,6.52986,6.86086,0
32,1,0,14.1862,43.1256,-1,-1,-1,0.165528,0,0,0,0.532025,0,0,0,7.69833,0,0,0
33,1,0,89.5387,79.0725,-1,-1,-1,-0.0687985,0,0,0,2.18434,0,0,0,12.166,0,0,0
34,5,0,102.464,184.995,82.1145,46.3355,39.4547,1.68541,-0.350254,-0.0602654,-0.794376,-1.26557,-2.26811,2.93352,1.14225,26.0986,12.8457,8.13403,8.22763
35,3,0,174.634,101.633,61.6443,50.2234,-1,1.38545,0.415387,-0.726291,0,-2.4421,-1.32212,-0.784991,0,18.0228,12.7179,7.72836,0
36,2,0,86.7035,135.029,36.1192,-1,-1,-0.676415,-0.296703,0,0,-1.85276,1.96549,0,0,17.733,5.6422,0,0
37,0,0,85.8219,-1,-1,-1,-1,0,0,0,0,0,0,0,0,0,0,0,0
38,1,0,149.128,45.1746,-1,-1,-1,-1.70062,0,0,0,2.38508,0,0,0,8.56186,0,0,0
39,0,0,21.1667,-1,-1,-1,-1,0,0,0,0,0,0,0,0,0,0,0,0
40,1,0,76.5455,119.701,-1,-1,-1,-1.61448,0,0,0,1.0465,0,0,0,15.0503,0,0,0
41,2,0,127.533,74.4856,52.5301,-1,-1,-1.28685,0.0270279,0,0,2.85033,-2.32227,0,0,11.1651,8.46,0,0
42,0,0,51.0766,-1,-1,-1,-1,0,0,0,0,0,0,0,0,0,0,0,0
43,2,0,75.8622,54.0929,37.1459,-1,-1,2.36824,1.17511,0,0,-1.02805,-2.47456,0,0,7.35515,5.97385,0,0
44,2,0,32.6192,130.699,77.0753,-1,-1,-1.40746,1.67665,0,0,-2.69712,-0.870322,0,0,15.2367,12.5153,0,0
45,4,0,182.674,134.28,102.977,44.2197,39.7342,-0.0418751,0.0102601,-0.987969,-0.175782,-2.9193,1.56378,-2.6699,-0.320334,17.3753,11.7489,11.5486,6.93658
46,1,0,109.244,82.7103,-1,-1,-1,1.46305,0,0,0,2.26393,0,0,0,19.7067,0,0,0
47,2,0,83.0753,81.4819,55.0523,-1,-1,-0.809715,0.337005,0,0,-1.09428,0.927537,0,0,11.2792,10.6718,0,0
48,3,0,262.118,254.874,126.466,52.1403,-1,1.54164,1.03615,-0.158361,0,1.38612,-0.500411,-0.979589,0,32.7695,15.9787,7.69401,0
49,0,0,33.1505,-1,-1,-1,-1,0,0,0,0,0,0,0,0,0,0,0,0
50,3,0,217.139,384.164,151.181,70.7098,-1,-1.23493,-1.2979,-2.031,0,-0.739957,2.83349,2.17294,0,48.4851,15.7819,8.52304,0
51,2,0,95.0608,51.5181,37.2499,-1,-1,-0.688345,1.36514,0,0,-0.727342,-1.75669,0,0,10.0313,5.11539,0,0
52,3,0,35.2105,38.0481,35.8361,35.6344,-1,0.220165,-0.921554,1.03751,0,2.79631,2.42312,-0.675764,0,7.01745,8.52105,8.47379,0
53,2,0,90.9095,171.706,135.716,-1,-1,1.43086,0.845231,0,0,-0.065927,2.36535,0,0,17.7741,17.1859,0,0
54,3,0,57.2089,65.0798,61.2877,48.6323,-1,-0.992419,-0.616415,-1.1254,0,1.90457,-0.326202,-2.94036,0,12.7398,10.3964,9.3215,0
55,1,0,224.623,228.437,-1,-1,-1,0.711358,0,0,0,1.12443,0,0,0,17.2787,0,0,0
56,2,0,31.7699,80.3493,41.0543,-1,-1,-0.538249,2.22906,0,0,2.13831,1.23516,0,0,17.3716,7.66759,0,0
57,1,0,32.2198,52.8876,-1,-1,-1,-1.63033,0,0,0,-1.49816,0,0,0,6.37252,0,0,0
58,2,0,126.698,127.647,47.4955,-1,-1,-1.19522,-1.86373,0,0,2.89505,0.896546,0,0,18.4934,5.31091,0,0
59,1,0,49.2597,39.9303,-1,-1,-1,-1.58581,0,0,0,0.197815,0,0,0,7.01585,0,0,0
60,2,0,158.573,234.275,51.1664,-1,-1,-1.21054,0.488087,0,0,2.68288,0.322752,0,0,26.7802,6.5659,0,0
61,2,0,78.737,64.2336,37.7464,-1,-1,-1.58107,-0.741777,0,0,-1.5667,1.02851,0,0,12.1029,4.49902,0,0
62,1,0,100.622,56.9266,-1,-1,-1,1.98038,0,0,0,2.51782,0,0,0,11.7209,0,0,0
63,4,0,23.348,108.805,87.8706,37.4257,36.7098,0.994088,0.166953,0.858737,-0.38826,0.832615,-2.19981,-3.08487,-2.49712,10.5405,13.0343,7.24723,6.19448
64,2,0,193.749,238.807,54.2155,-1,-1,0.996618,-0.905383,0,0,-2.58557,-0.602188,0,0,24.7561,6.08543,0,0
65,0,0,100.288,-1,-1,-1,-1,0,0,0,0,0,0,0,0,0,0,0,0
66,2,0,164.239,131.082,106.962,-1,-1,1.96033,-0.196148,0,0,0.729896,2.48896,0,0,18.9799,13.0144,0,0
67,1,0,65.4945,46.0861,-1,-1,-1,-2.10419,0,0,0,0.192328,0,0,0,9.30907,0,0,0
68,0,0,40.436,-1,-1,-1,-1,0,0,0,0,0,0,0,0,0,0,0,0
69,0,0,21.2454,-1,-1,-1,-1,0,0,0,0,0,0,0,0,0,0,0,0
70,3,0,135.978,58.9742,40.3052,38.5977,-1,-1.18737,-0.226195,-0.933941,0,3.01273,2.26767,-2.79883,0,10.6291,8.53147,5.68332,0
71,3,0,59.2049,279.802,154.354,73.1035,-1,-0.361067,-0.314603,-0.65018,0,-0.736237,2.22067,-2.98875,0,19.0651,14.1003,8.58553,0
72,2,0,83.9654,94.1753,64.7588,-1,-1,2.02667,2.17699,0,0,0.281961,2.45968,0,0,6.63461,10.1355,0,0
73,3,0,970.415,948.631,118.9,100.393,-1,0.543653,0.508821,-0.461033,0,0.561479,0.0221372,1.14385,0,75.5995,24.635,20.5647,0
74,2,0,122.164,92.4951,51.7,-1,-1,0.923794,1.1341,0,0,-0.738356,-2.35462,0,0,12.0382,9.80538,0,0
75,0,0,80.3225,-1,-1,-1,-1,0,0,0,0,0,0,0,0,0,0,0,0
76,3,0,82.3535,260.11,175.607,67.3678,-1,1.71975,1.20325,0.594184,0,1.75938,-1.72461,-0.939709,0,36.5808,24.0307,6.244,0
77,2,0,10.4659,47.6719,41.4232,-1,-1,0.893092,0.480507,0,0,-0.923035,-2.19743,0,0,9.20153,9.19155,0,0
78,3,0,144.199,119.931,45.2811,36.643,-1,-0.904319,-0.205853,0.947182,0,2.6238,2.74759,-2.21486,0,17.5393,8.37214,9.48423,0
79,1,0,48.9709,54.0954,-1,-1,-1,-2.14372,0,0,0,2.1065,0,0,0,9.94602,0,0,0
80,4,0,256.61,211.775,161.446,102.236,69.4674,0.640437,-1.8046,-1.51528,-0.906357,-1.18139,2.55554,-2.44622,-1.57169,30.8392,19.3858,13.0257,9.7365
81,1,0,55.1193,110.219,-1,-1,-1,-1.99203,0,0,0,-1.49273,0,0,0,9.55687,0,0,0
82,2,0,43.1494,84.2177,36.3023,-1,-1,-0.450532,1.39025,0,0,2.30062,1.12751,0,0,16.3352,8.49745,0,0
83,3,0,118.475,77.6282,38.0302,37.6425,-1,-0.532214,1.37609,-0.0398534,0,2.10936,-0.94492,1.60664,0,13.1094,6.69472,4.6474,0
84,1,0,55.7263,75.8481,-1,-1,-1,1.64791,0,0,0,2.75457,0,0,0,13.3123,0,0,0
85,1,0,81.1005,81.7199,-1,-1,-1,1.12208,0,0,0,-0.788913,0,0,0,9.72099,0,0,0
86,1,0,74.7711,50.4773,-1,-1,-1,1.88773,0,0,0,0.958035,0,0,0,13.927,0,0,0
87,1,0,49.428,36.1654,-1,-1,-1,0.660512,0,0,0,3.02686,0,0,0,4.74372,0,0,0
88,4,0,132.443,139.844,114.196,71.2155,36.9632,-0.0260938,-1.5392,-1.69588,0.543273,-2.97572,0.45648,2.05113,-2.77483,24.4854,11.4919,9.3546,6.14406
89,2,0,36.934,59.2794,46.309,-1,-1,-0.0795687,1.37302,0,0,-2.63465,2.99588,0,0,12.8203,6.4837,0,0
90,2,0,135.608,95.2045,40.9833,-1,-1,-1.69697,-1.71274,0,0,3.09417,0.705097,0,0,13.6496,6.02568,0,0
91,2,0,170.963,190.488,57.5423,-1,-1,-1.30507,1.31675,0,0,-2.83016,-0.296094,0,0,21.7676,14.923,0,0
92,2,0,141.128,106.028,45.6658,-1,-1,0.422076,1.30274,0,0,2.63731,-3.04162,0,0,13.8705,10.2232,0,0
93,3,0,245.055,239.864,122.139,55.3914,-1,0.5607,-0.390344,0.177073,0,1.39746,-2.82829,0.533032,0,30.204,12.5887,9.61717,0
94,3,0,107.56,75.8036,54.8789,39.8482,-1,1.44249,1.74246,0.393852,0,1.56815,-1.79418,-0.887788,0,10.8592,8.42108,6.68824,0
95,1,0,61.3884,88.2528,-1,-1,-1,0.612283,0,0,0,-1.51673,0,0,0,15.9715,0,0,0
96,1,0,86.0643,108.89,-1,-1,-1,-0.108768,0,0,0,-1.60259,0,0,0,9.10906,0,0,0
97,1,0,121.593,119.775,-1,-1,-1,0.169349,0,0,0,-0.706645,0,0,0,7.50979,0,0,0
98,2,0,152.152,146.426,42.7579,-1,-1,0.948681,1.35938,0,0,-0.849868,-1.44773,0,0,21.9391,10.9954,0,0
99,2,0,167.684,164.741,61.8418,-1,-1,1.40619,1.84583,0,0,0.0146187,2.09492,0,0,29.9202,7.87921,0,0
100,2,0,153.363,116.256,96.1207,-1,-1,1.59772,1.67145,0,0,0.494786,1.16484,0,0,12.7971,13.135,0,0
101,0,0,18.2045,-1,-1,-1,-1,0,0,0,0,0,0,0,0,0,0,0,0
102,1,0,102.365,72.3322,-1,-1,-1,-0.848122,0,0,0,1.5585,0,0,0,8.75735,0,0,0
103,2,0,67.0681,58.7347,36.1083,-1,-1,0.0453671,-1.16029,0,0,1.08442,0.211681,0,0,9.7413,6.45717,0,0
104,4,0,84.8428,189.405,66.9997,64.9565,59.034,1.70818,-0.788477,0.825589,-0.617812,-2.56857,2.02807,1.06786,-0.32388,20.7727,12.4986,9.86649,9.57088
105,2,0,71.2831,75.5241,66.673,-1,-1,-0.250903,0.121288,0,0,-0.153878,1.6691,0,0,10.8067,8.88665,0,0
106,2,0,47.0335,102.042,62.0738,-1,-1,-2.32767,-0.848023,0,0,2.2177,-2.06011,0,0,16.9865,12.8849,0,0
107,1,0,61.2682,61.5471,-1,-1,-1,0.000893238,0,0,0,2.38457,0,0,0,13.0356,0,0,0
108,2,0,66.3232,96.454,55.3225,-1,-1,0.109577,-2.02934,0,0,0.532147,3.03078,0,0,15.2003,6.48522,0,0
109,2,0,208.529,117.517,82.2887,-1,-1,0.0651081,0.867154,0,0,-0.972297,-1.68115,0,0,8.32539,15.0393,0,0
110,1,0,77.4192,41.3393,-1,-1,-1,0.780168,0,0,0,1.43317,0,0,0,7.27907,0,0,0
111,1,0,103.056,48.1326,-1,-1,-1,-0.509045,0,0,0,-1.74449,0,0,0,6.88218,0,0,0
112,2,0,69.3176,84.5231,39.2901,-1,-1,-0.883306,-1.43875,0,0,-1.56121,0.405677,0,0,13.8136,8.97243,0,0
113,2,0,43.4745,72.1659,43.8957,-1,-1,0.868215,1.36357,0,0,0.0314096,-2.92561,0,0,10.5756,8.51079,0,0
114,2,0,90.1068,90.2441,85.6277,-1,-1,-0.191082,0.568234,0,0,2.21237,-2.79047,0,0,7.64098,8.10963,0,0
115,1,0,76.5292,73.7447,-1,-1,-1,0.511987,0,0,0,-2.83563,0,0,0,14.2149,0,0,0
116,1,0,75.2292,52.5678,-1,-1,-1,-0.511053,0,0,0,-3.022,0,0,0,8.37744,0,0,0
117,3,0,48.0828,90.4971,61.9661,37.9926,-1,1.39986,0.826176,1.39274,0,-0.582984,1.70666,-1.64201,0,13.3282,13.0913,7.4196,0
118,0,0,70.5673,-1,-1,-1,-1,0,0,0,0,0,0,0,0,0,0,0,0
119,3,0,88.2214,56.5905,46.3839,36.1072,-1,1.24258,0.302486,1.33178,0,1.31567,-3.1082,-2.81707,0,9.12005,6.1771,5.36603,0
120,2,0,15.878,51.2032,45.8246,-1,-1,2.24181,-2.12188,0,0,0.7453,-2.31494,0,0,8.02812,8.41221,0,0
121,3,0,212.78,317.188,78.4692,66.7149,-1,-0.752328,-0.586546,-0.401558,0,1.27384,-2.95799,-1.18996,0,37.2528,6.40342,11.6808,0
122,2,0,25.7395,62.019,49.4969,-1,-1,-1.50837,-1.6523,0,0,0.391578,-1.8301,0,0,8.77493,10.1237,0,0
123,0,0,27.008,-1,-1,-1,-1,0,0,0,0,0,0,0,0,0,0,0,0
124,1,0,39.1207,45.8027,-1,-1,-1,-0.218726,0,0,0,2.48124,0,0,0,8.75829,0,0,0
125,4,0,51.4168,386.089,167.636,92.0718,41.7398,0.213727,1.07875,0.617137,0.705476,-2.89007,-0.0212006,0.454993,-0.975598,32.9463,16.6718,11.6547,8.19993
126,0,0,59.6156,-1,-1,-1,-1,0,0,0,0,0,0,0,0,0,0,0,0
127,3,0,175.094,93.5587,72.3119,38.842,-1,0.973357,-0.550536,0.975233,0,1.64022,1.10274,0.542757,0,18.6941,7.03619,7.23637,0
128,1,0,267.85,184.054,-1,-1,-1,-0.781303,0,0,0,0.20836,0,0,0,17.6449,0,0,0
129,2,0,140.406,143.086,110.223,-1,-1,-1.30873,-1.10746,0,0,-0.619718,0.582683,0,0,17.3633,13.4015,0,0
130,1,0,45.6513,58.0012,-1,-1,-1,-0.246629,0,0,0,0.569137,0,0,0,7.47608,0,0,0
131,3,0,99.1132,128.76,43.9137,39.2241,-1,0.830619,-1.7163,-0.725487,0,2.86391,2.81403,-0.746936,0,27.4825,7.14418,6.15404,0
132,0,0,25.8342,-1,-1,-1,-1,0,0,0,0,0,0,0,0,0,0,0,0
133,4,0,290.211,201.108,130.465,72.2977,52.5323,-0.0436115,0.109139,-0.123418,-0.167462,-0.0943955,2.76434,2.34634,-0.746641,20.4796,18.5843,13.8295,12.1856
134,2,0,113.559,180.823,42.5318,-1,-1,-1.09902,-0.303531,0,0,-0.0278879,-2.70183,0,0,21.8437,5.17287,0,0
135,2,0,147.3,161.405,97.5253,-1,-1,1.83739,0.567903,0,0,1.68706,-1.39548,0,0,12.4281,10.0158,0,0
136,2,0,87.9173,58.2227,38.2517,-1,-1,0.542309,-0.841948,0,0,1.34785,-2.98946,0,0,7.1608,5.87691,0,0
137,3,0,85.1922,103.846,88.5001,44.6114,-1,-0.185141,-1.30119,0.16074,0,0.055395,2.87803,-3.08463,0,21.4191,19.2955,6.23971,0
138,3,0,161.076,158.658,85.1565,65.7348,-1,1.13331,0.371782,-1.59074,0,-0.891085,-2.23833,1.64866,0,21.9086,9.61711,10.8263,0
139,4,0,97.0384,54.7121,52.6132,47.6983,40.6011,1.70934,1.20632,1.03389,1.28018,-2.42459,0.919235,-1.70827,2.35656,10.5497,8.46405,5.85464,7.70939
140,2,0,51.8867,45.2743,36.0972,-1,-1,1.5117,1.41398,0,0,0.200604,-2.72977,0,0,7.84416,7.41696,0,0
141,1,0,140.071,137.786,-1,-1,-1,1.42415,0,0,0,0.0382932,0,0,0,20.0327,0,0,0
142,1,0,57.5859,42.3445,-1,-1,-1,1.04809,0,0,0,1.86871,0,0,0,7.41507,0,0,0
143,3,0,33.7049,80.5722,55.2765,36.7716,-1,-1.32213,0.326918,0.493797,0,-2.439,0.0655899,1.23447,0,17.2279,9.79405,6.43728,0
144,2,0,115.02,55.8556,38.5143,-1,-1,-1.48408,2.26444,0,0,1.7874,0.271061,0,0,11.3281,8.09289,0,0
145,2,0,56.6107,72.3543,57.0679,-1,-1,-0.345638,-1.92739,0,0,-2.25626,2.47547,0,0,12.2122,7.02042,0,0
146,1,0,46.4109,37.2454,-1,-1,-1,0.0902886,0,0,0,-0.20472,0,0,0,8.91819,0,0,0
147,0,0,55.2393,-1,-1,-1,-1,0,0,0,0,0,0,0,0,0,0,0,0
148,2,0,38.5534,75.2655,70.3861,-1,-1,-0.0374782,-0.164512,0,0,-2.87082,-0.315577,0,0,7.14451,9.06454,0,0
149,2,0,71.698,63.6591,51.7183,-1,-1,-1.46166,-1.28684,0,0,-1.81316,0.557638,0,0,9.82695,8.82718,0,0
150,3,0,25.2028,89.3258,52.5968,36.0497,-1,0.82949,0.848958,0.782924,0,1.86448,-0.347835,-1.88849,0,11.1921,7.03003,5.8901,0
151,3,0,43.6116,68.7219,67.784,41.8285,-1,-2.09874,-1.6374,-1.15489,0,0.684971,-0.767677,-2.87618,0,8.05494,8.47118,6.29909,0
152,2,0,89.1871,51.8573,39.2223,-1,-1,0.327912,-1.04663,0,0,2.40889,1.46697,0,0,5.63964,5.12159,0,0
153,4,0,149.228,85.4299,76.9233,64.73,51.7234,0.323816,-0.335693,-2.26866,-1.90197,1.63607,-1.64809,0.485022,-0.478501,6.82998,13.0768,11.3654,11.7008
154,2,0,46.7883,79.8004,64.3999,-1,-1,0.779095,-1.25656,0,0,-0.460211,-2.57752,0,0,17.4352,7.02618,0,0
155,3,0,113.52,124.237,109.751,101.647,-1,-1.73421,-1.9826,-0.544657,0,-1.70894,-2.276,0.994361,0,16.7653,8.31005,12.877,0
156,2,0,104.049,98.4627,95.3439,-1,-1,2.24477,1.4296,0,0,0.835175,2.55962,0,0,10.5487,7.34473,0,0
157,0,0,11.9709,-1,-1,-1,-1,0,0,0,0,0,0,0,0,0,0,0,0
158,0,0,69.2529,-1,-1,-1,-1,0,0,0,0,0,0,0,0,0,0,0,0
159,1,0,35.3936,38.6092,-1,-1,-1,0.231839,0,0,0,2.99809,0,0,0,4.80244,0,0,0
160,1,0,52.888,52.464,-1,-1,-1,-1.16122,0,0,0,-1.76346,0,0,0,7.05531,0,0,0
161,2,0,51.8065,73.534,47.4888,-1,-1,1.59037,0.703652,0,0,-0.493086,1.98134,0,0,14.186,9.64034,0,0
162,3,0,146.817,215.17,170.344,102.166,-1,-0.871024,-2.24619,0.933612,0,-1.12077,2.00471,-1.64536,0,31.339,37.1945,12.4851,0
163,0,0,39.9261,-1,-1,-1,-1,0,0,0,0,0,0,0,0,0,0,0,0
164,2,0,41.5524,47.4227,37.2278,-1,-1,-0.40636,-2.00325,0,0,-0.0263292,-1.86922,0,0,7.68922,4.7443,0,0
165,1,0,43.942,41.7414,-1,-1,-1,-0.0406111,0,0,0,0.191201,0,0,0,6.56407,0,0,0
166,3,0,33.0382,47.7855,44.3024,42.5412,-1,0.705445,-0.95468,0.763464,0,2.8339,0.213718,-0.816354,0,7.57697,4.64704,6.88982,0
167,3,0,71.2829,102.118,64.2805,54.4335,-1,-0.505996,0.475718,0.523109,0,-1.84534,-1.37735,0.417875,0,10.6678,11.6097,11.7034,0
168,2,0,130.072,398.787,358.916,-1,-1,-0.0300448,0.387019,0,0,0.662466,-2.42885,0,0,28.9843,18.3603,0,0
169,4,0,38.5227,439.549,328.643,163.084,93.4544,0.206788,0.985759,1.38607,0.0861637,3.07461,-0.00739986,0.408316,-2.71275,43.6172,26.595,29.5218,11.9558
170,3,0,102.878,93.8259,48.6749,38.2236,-1,-0.657086,1.37497,-0.117701,0,2.47337,-2.16828,2.42513,0,23.4113,9.65038,6.90959,0
171,2,0,49.453,82.4514,60.1346,-1,-1,2.29085,0.20844,0,0,-0.944717,3.102,0,0,7.53102,3.95798,0,0
172,0,0,27.6373,-1,-1,-1,-1,0,0,0,0,0,0,0,0,0,0,0,0
173,3,0,26.9012,70.9621,66.2087,37.985,-1,-1.22447,2.26153,-2.36036,0,-0.115543,2.04703,-2.87506,0,14.1737,11.8858,6.42693,0
174,2,0,170.529,83.0904,76.1451,-1,-1,0.995027,1.04726,0,0,-2.24746,-1.33621,0,0,13.4048,8.96602,0,0
175,1,0,68.427,36.5125,-1,-1,-1,0.0450587,0,0,0,0.578238,0,0,0,5.24508,0,0,0
176,2,0,127.57,162.064,38.3587,-1,-1,0.261393,-2.32851,0,0,-1.90995,2.25142,0,0,21.8226,6.47853,0,0
177,0,0,8.52897,-1,-1,-1,-1,0,0,0,0,0,0,0,0,0,0,0,0
178,2,0,353.654,255.578,43.7968,-1,-1,0.154639,-0.438018,0,0,1.35572,0.359905,0,0,29.3833,7.80947,0,0
179,2,0,172.196,117.304,112.321,-1,-1,-0.00969725,-0.645291,0,0,-2.02004,-1.49944,0,0,12.0288,12.6218,0,0
180,0,0,80.6911,-1,-1,-1,-1,0,0,0,0,0,0,0,0,0,0,0,0
181,2,0,36.6181,46.8484,37.6667,-1,-1,0.35487,-1.09918,0,0,-0.591855,1.73928,0,0,5.78059,4.83924,0,0
182,7,0,355.118,427.066,138.012,88.2257,64.1908,1.19994,2.05996,-0.27953,-0.862044,1.26927,1.88573,-0.28178,-2.3785,59.2198,17.8394,12.7245,11.9543
183,1,0,41.3353,48.6882,-1,-1,-1,-2.04319,0,0,0,-0.901879,0,0,0,9.49571,0,0,0
184,1,0,127.746,99.7191,-1,-1,-1,0.844746,0,0,0,1.09978,0,0,0,12.6099,0,0,0
185,1,0,21.7197,43.3213,-1,-1,-1,-1.2848,0,0,0,1.51615,0,0,0,5.63902,0,0,0
186,1,0,116.378,44.0375,-1,-1,-1,0.662502,0,0,0,2.17203,0,0,0,7.4274,0,0,0
187,3,0,300.724,382.311,131.562,40.2038,-1,-0.994375,0.190784,-0.802497,0,2.55718,-0.445571,-0.831804,0,49.7483,9.59067,8.7272,0
188,1,0,78.9396,65.789,-1,-1,-1,2.25532,0,0,0,1.91873,0,0,0,6.79446,0,0,0
189,2,0,114.283,57.1006,51.0159,-1,-1,-0.640194,-0.813977,0,0,-0.872473,0.756186,0,0,4.4471,6.12024,0,0
190,2,0,84.5944,80.9329,45.0582,-1,-1,0.66642,0.857885,0,0,-0.635574,-2.72228,0,0,11.1377,7.15687,0,0
191,1,0,51.518,41.8792,-1,-1,-1,-0.949978,0,0,0,1.50835,0,0,0,6.17083,0,0,0
192,2,0,90.4991,83.76,46.5617,-1,-1,-0.732087,0.0190368,0,0,-0.229803,-1.96725,0,0,17.836,7.60586,0,0
193,2,0,174.518,112.612,46.8162,-1,-1,-0.422958,0.0129294,0,0,-2.68712,-2.8813,0,0,22.3668,6.35283,0,0
194,2,0,40.7705,57.5863,52.1373,-1,-1,1.49081,-0.0892138,0,0,-1.25275,1.40235,0,0,9.16689,11.0214,0,0
195,1,0,27.4551,48.1438,-1,-1,-1,-1.50414,0,0,0,-2.76008,0,0,0,6.73164,0,0,0
196,3,0,7.34206,75.8548,56.8105,36.8341,-1,-0.464299,-1.21836,-0.3197,0,-3.0974,0.749411,-1.77277,0,3.10797,9.11118,5.49024,0
197,3,0,97.7349,202.649,190.967,44.1216,-1,-1.6295,0.392715,0.228953,0,-1.05776,1.63739,2.0734,0,19.3347,15.5728,3.37826,0
198,2,0,25.6925,75.429,35.2661,-1,-1,-1.06484,1.01076,0,0,-2.75722,-0.578669,0,0,12.0113,8.50142,0,0
199,4,0,80.6913,86.6131,68.8312,41.5121,39.8125,-1.96103,1.69492,-1.60394,0.490959,-2.71391,-2.34521,-2.3984,-0.149325,9.09328,15.5288,6.54123,8.07243
200,3,0,189.652,213.985,107.713,36.9728,-1,0.919522,-0.180546,0.163635,0,0.58382,-1.62197,-1.31895,0,44.987,14.7424,5.55928,0
201,3,0,169.018,234.218,82.669,45.2017,-1,1.44439,-0.0682424,-1.18046,0,0.739328,-1.70835,2.40782,0,21.3272,8.49237,5.96961,0
202,3,0,66.2741,62.8109,55.3007,36.1296,-1,-0.30898,0.377861,1.13074,0,0.0879194,-1.10525,2.47158,0,12.3895,8.04057,7.33258,0
203,2,0,244.892,331.009,48.9081,-1,-1,-0.332905,1.0074,0,0,-1.46057,2.9871,0,0,32.2177,8.15369,0,0
204,1,0,76.6675,41.2562,-1,-1,-1,-2.21733,0,0,0,2.60579,0,0,0,5.2274,0,0,0
205,1,0,129.978,101.32,-1,-1,-1,-0.266685,0,0,0,-2.43535,0,0,0,9.79581,0,0,0
206,2,0,111.02,124.042,39.6295,-1,-1,0.538468,0.135223,0,0,-0.518681,1.51535,0,0,10.8114,9.75054,0,0
207,2,0,33.797,69.8933,47.9616,-1,-1,0.685598,-0.84358,0,0,-1.10225,2.85674,0,0,10.8533,8.43643,0,0
208,2,0,10.0019,87.7077,86.8302,-1,-1,-0.741584,-1.40011,0,0,0.564733,-2.76553,0,0,8.69879,15.9096,0,0
209,0,0,6.26504,-1,-1,-1,-1,0,0,0,0,0,0,0,0,0,0,0,0
210,1,0,102.28,75.5964,-1,-1,-1,0.159761,0,0,0,-0.104131,0,0,0,9.16815,0,0,0
211,2,0,43.8123,56.3658,40.4169,-1,-1,2.28164,1.17431,0,0,1.50691,-1.98138,0,0,5.67168,7.96437,0,0
212,5,0,148.257,102.703,66.66,63.1684,44.9191,1.08211,1.63611,1.03958,-1.8332,-0.972538,1.1319,1.75898,2.34266,11.3116,12.3278,8.5442,10.2758
213,2,0,95.5106,78.7425,47.2336,-1,-1,-1.45909,0.093737,0,0,-1.72165,-0.294697,0,0,12.5791,7.18556,0,0
214,1,0,42.3068,70.8504,-1,-1,-1,1.33042,0,0,0,2.09681,0,0,0,10.053,0,0,0
215,0,0,61.8093,-1,-1,-1,-1,0,0,0,0,0,0,0,0,0,0,0,0
216,2,0,335.527,181.875,139.229,-1,-1,0.448259,0.309594,0,0,-2.77082,-2.27737,0,0,30.2622,10.1932,0,0
217,3,0,155.041,130.362,97.0645,53.3508,-1,0.256562,1.74201,0.949736,0,-2.75097,1.20008,1.2867,0,9.97073,17.0958,10.581,0
218,0,0,91.4524,-1,-1,-1,-1,0,0,0,0,0,0,0,0,0,0,0,0
219,6,0,95.0821,124.617,116.258,108.02,88.699,-1.05508,0.165091,-0.608632,1.03226,1.13357,2.26767,2.90807,-1.73946,16.8479,9.43848,9.89732,12.9641
220,2,0,50.1005,84.4967,77.2368,-1,-1,-1.71572,-0.110084,0,0,-2.03564,0.950466,0,0,12.2327,11.6113,0,0
221,1,0,51.5279,64.0404,-1,-1,-1,-0.83764,0,0,0,-2.67691,0,0,0,8.76951,0,0,0
222,0,0,18.6043,-1,-1,-1,-1,0,0,0,0,0,0,0,0,0,0,0,0
223,0,0,34.0035,-1,-1,-1,-1,0,0,0,0,0,0,0,0,0,0,0,0
224,2,0,55.9673,67.5526,42.4497,-1,-1,-0.0636998,-0.639454,0,0,-0.361234,0.621883,0,0,10.4946,7.62333,0,0
225,2,0,97.1526,53.2695,47.1114,-1,-1,-0.451999,1.27466,0,0,-2.40114,1.99893,0,0,8.34263,8.06356,0,0
226,2,0,103.282,59.917,52.5484,-1,-1,0.530791,2.08899,0,0,-2.71798,-1.09511,0,0,10.3555,7.68231,0,0
227,2,0,114.822,86.4244,53.1441,-1,-1,-0.930087,-1.77533,0,0,-0.647428,0.733628,0,0,9.55921,8.56631,0,0
228,4,0,58.3201,237.71,105.166,73.3744,38.682,0.0790155,1.62039,1.35462,2.17554,-1.52925,1.5324,0.656231,1.49395,23.0074,24.9602,8.66763,5.63061
229,4,0,37.5829,156.554,87.9636,73.0868,38.4408,0.259663,0.506027,0.370202,-0.944754,-0.322335,2.12806,3.03029,1.46903,27.3968,12.0687,8.92764,5.68158
230,1,0,123.416,54.2631,-1,-1,-1,-1.44826,0,0,0,-2.4769,0,0,0,9.04528,0,0,0
231,1,0,33.1448,43.9562,-1,-1,-1,1.01169,0,0,0,-1.98594,0,0,0,8.5546,0,0,0
232,1,0,100.107,60.1639,-1,-1,-1,0.288423,0,0,0,0.977735,0,0,0,12.9358,0,0,0
233,2,0,99.1078,64.0791,43.3029,-1,-1,0.47358,1.64249,0,0,-0.660953,0.220971,0,0,10.0403,8.51213,0,0
234,2,0,94.9424,102.019,68.3309,-1,-1,-0.63722,1.45257,0,0,0.526074,2.48207,0,0,11.5656,9.01986,0,0
235,3,0,127.852,131.483,63.6442,43.4849,-1,0.632759,-0.837721,-0.68267,0,-2.81067,-1.34823,2.40506,0,20.5351,11.5781,7.22843,0
236,1,0,71.307,54.0233,-1,-1,-1,-0.858668,0,0,0,0.713679,0,0,0,7.61384,0,0,0
237,1,0,44.042,49.6287,-1,-1,-1,1.96298,0,0,0,-2.10997,0,0,0,5.73954,0,0,0
238,2,0,143.308,72.6679,36.0909,-1,-1,-0.0390528,-0.36844,0,0,1.90166,1.48552,0,0,12.4279,6.76575,0,0
239,2,0,47.0547,132.922,50.2481,-1,-1,1.7716,0.0256362,0,0,-1.64646,0.435253,0,0,15.0872,10.6017,0,0
240,2,0,89.55,50.13,49.4644,-1,-1,-0.673723,-0.23315,0,0,2.53913,-0.0304788,0,0,8.3585,9.60493,0,0
241,2,0,130.048,121.216,66.9973,-1,-1,0.631268,0.534567,0,0,-1.38241,-2.80027,0,0,14.8746,8.50142,0,0
242,2,0,158.339,150.3,73.8502,-1,-1,1.74928,0.0566745,0,0,0.130156,-1.6386,0,0,11.8616,16.7985,0,0
243,3,0,171.983,222.22,111.541,35.809,-1,-2.13442,0.558022,-0.938672,0,-2.70113,1.17645,-2.84235,0,22.0796,15.2176,7.85553,0
244,1,0,68.8702,74.9543,-1,-1,-1,0.974938,0,0,0,0.528466,0,0,0,10.456,0,0,0
245,2,0,246.9,68.3792,50.2911,-1,-1,-0.0169827,0.384107,0,0,2.60846,1.46682,0,0,13.422,7.2771,0,0
246,3,0,68.182,186.898,131.506,72.3973,-1,-0.959197,-0.658308,-1.51973,0,-0.261191,3.05296,2.64555,0,18.8286,24.5379,9.07816,0
247,1,0,116.979,92.2711,-1,-1,-1,0.71031,0,0,0,1.71213,0,0,0,10.5311,0,0,0
248,3,0,57.7844,266.841,85.6064,61.5177,-1,-1.51301,0.214313,-0.247684,0,1.7539,-1.25639,-1.19431,0,41.9369,12.9314,7.78189,0
249,6,0,307.374,265.736,175.857,128.174,105.662,1.04366,-2.0996,1.63466,1.65421,0.32742,1.51391,-2.72369,0.773499,37.492,17.9238,19.0783,12.7973
250,1,0,53.5612,49.9001,-1,-1,-1,-0.052805,0,0,0,2.23797,0,0,0,9.00854,0,0,0
251,1,0,8.27176,69.1276,-1,-1,-1,-0.130713,0,0,0,-1.63166,0,0,0,8.19946,0,0,0
252,1,0,145.359,118.786,-1,-1,-1,0.419417,0,0,0,1.15154,0,0,0,14.3084,0,0,0
253,0,0,63.7394,-1,-1,-1,-1,0,0,0,0,0,0,0,0,0,0,0,0
254,1,0,53.2501,50.4798,-1,-1,-1,1.14512,0,0,0,-1.21588,0,0,0,6.96867,0,0,0
255,1,0,18.7127,45.605,-1,-1,-1,2.04371,0,0,0,-2.66718,0,0,0,7.36681,0,0,0
256,1,0,49.5012,49.4156,-1,-1,-1,0.220528,0,0,0,-1.91939,0,0,0,7.83004,0,0,0
257,2,0,6.26667,121.695,57.2563,-1,-1,0.219441,-2.29861,0,0,0.996205,-2.76942,0,0,17.3584,12.4508,0,0
258,0,0,93.5963,-1,-1,-1,-1,0,0,0,0,0,0,0,0,0,0,0,0
259,3,0,76.2857,108.529,81.393,70.6954,-1,-1.02465,-2.2613,-0.0977809,0,-2.86447,-0.00871641,-0.701654,0,15.3648,17.5878,16.3511,0
260,1,0,60.1917,63.8457,-1,-1,-1,0.480391,0,0,0,-0.618956,0,0,0,12.9083,0,0,0
261,1,0,47.4762,40.0929,-1,-1,-1,-2.07907,0,0,0,1.23327,0,0,0,4.40496,0,0,0
262,2,0,77.8867,71.551,65.7089,-1,-1,1.4941,2.28365,0,0,0.618838,-1.34838,0,0,12.0302,10.0455,0,0
263,2,0,169.461,90.1657,41.7875,-1,-1,1.64666,1.90336,0,0,-1.75273,-2.15605,0,0,12.1111,4.82742,0,0
264,0,0,73.2854,-1,-1,-1,-1,0,0,0,0,0,0,0,0,0,0,0,0
265,1,0,95.7443,47.7904,-1,-1,-1,2.36009,0,0,0,-2.27594,0,0,0,3.41592,0,0,0
266,2,0,207.873,139.16,119,-1,-1,0.554895,0.171837,0,0,1.0868,0.433966,0,0,12.0938,13.7489,0,0
267,2,0,133.341,73.632,45.1726,-1,-1,1.18459,-0.787505,0,0,0.0258548,1.60048,0,0,9.66837,10.9449,0,0
268,1,0,120.096,56.0669,-1,-1,-1,-0.373112,0,0,0,2.40387,0,0,0,8.94871,0,0,0
269,1,0,149.346,76.5532,-1,-1,-1,1.35917,0,0,0,0.887185,0,0,0,8.56704,0,0,0
270,2,0,3.84032,44.4563,37.4121,-1,-1,1.47494,-0.488794,0,0,-1.57383,2.22808,0,0,10.742,5.68388,0,0
271,0,0,66.7012,-1,-1,-1,-1,0,0,0,0,0,0,0,0,0,0,0,0
272,3,0,83.543,111.906,55.9353,36.8458,-1,-0.672177,1.11058,0.186721,0,-3.00757,0.426588,2.83625,0,11.3117,9.38645,6.86489,0
273,4,0,119.165,112.877,64.355,61.6294,41.5807,-0.938109,-0.178932,-1.94693,-1.80085,0.603383,1.72932,-2.54206,2.77409,16.9258,7.71073,9.58487,5.77315
274,2,0,74.3786,71.7544,50.9654,-1,-1,-1.64405,-2.13289,0,0,-0.968183,-2.93188,0,0,9.31405,11.8152,0,0
275,1,0,69.3017,47.6672,-1,-1,-1,-0.0196435,0,0,0,1.9036,0,0,0,8.15418,0,0,0
276,0,0,111.932,-1,-1,-1,-1,0,0,0,0,0,0,0,0,0,0,0,0
277,3,0,74.9043,251.24,159.892,93.7148,-1,1.14202,-1.2515,-0.515068,0,-2.22288,1.15898,0.689798,0,35.8201,16.9385,13.7515,0
278,2,0,87.3845,68.6615,66.2413,-1,-1,1.04631,0.763947,0,0,-1.48368,1.90389,0,0,9.82879,8.77869,0,0
279,1,0,16.7024,42.9613,-1,-1,-1,-2.174,0,0,0,-1.79833,0,0,0,4.26346,0,0,0
280,2,0,111.834,55.922,42.6289,-1,-1,-0.545686,0.181511,0,0,-1.7752,-0.91992,0,0,7.92773,6.82801,0,0
281,0,0,10.4558,-1,-1,-1,-1,0,0,0,0,0,0,0,0,0,0,0,0
282,1,0,74.0452,39.249,-1,-1,-1,0.92208,0,0,0,-0.0845522,0,0,0,6.40942,0,0,0
283,0,0,12.2997,-1,-1,-1,-1,0,0,0,0,0,0,0,0,0,0,0,0
284,3,0,94.528,105.088,56.3828,48.7382,-1,-1.11587,0.980911,-1.43395,0,-2.97651,1.29131,-0.521996,0,16.4049,11.5489,6.4506,0
285,4,0,64.7961,122.374,65.8636,58.7148,43.6529,0.816162,1.23109,0.365957,1.28884,-1.85281,2.37865,-0.479383,1.83149,11.7763,9.39965,11.3011,5.82035
286,0,0,43.0054,-1,-1,-1,-1,0,0,0,0,0,0,0,0,0,0,0,0
287,1,0,171.271,107.117,-1,-1,-1,0.510331,0,0,0,1.69242,0,0,0,15.8796,0,0,0
288,2,0,64.6614,118.347,41.5368,-1,-1,0.534486,0.792608,0,0,-2.72402,2.06184,0,0,19.0821,7.85194,0,0
289,0,0,50.7297,-1,-1,-1,-1,0,0,0,0,0,0,0,0,0,0,0,0
290,0,0,27.0628,-1,-1,-1,-1,0,0,0,0,0,0,0,0,0,0,0,0
291,1,0,30.4763,51.1841,-1,-1,-1,0.896879,0,0,0,0.944823,0,0,0,7.7,0,0,0
292,2,0,47.6202,47.016,41.9855,-1,-1,2.27535,1.16,0,0,1.24025,-1.27742,0,0,6.36442,5.25076,0,0
293,3,0,69.0025,61.6656,52.6765,46.1861,-1,-0.341412,-0.729483,-0.684868,0,1.69946,2.8955,-1.44328,0,9.73578,10.6228,7.25489,0
294,1,0,31.8952,84.111,-1,-1,-1,-2.21072,0,0,0,-1.42059,0,0,0,12.9082,0,0,0
295,2,0,96.692,80.2586,65.3636,-1,-1,-0.666439,-0.583655,0,0,2.71186,1.15125,0,0,10.6564,8.79579,0,0
296,0,0,46.7263,-1,-1,-1,-1,0,0,0,0,0,0,0,0,0,0,0,0
297,1,0,88.325,137.885,-1,-1,-1,-0.123924,0,0,0,3.02019,0,0,0,9.78288,0,0,0
298,0,0,28.6017,-1,-1,-1,-1,0,0,0,0,0,0,0,0,0,0,0,0
299,1,0,193.962,134.372,-1,-1,-1,1.32145,0,0,0,-2.14342,0,0,0,21.8526,0,0,0
300,3,0,35.3137,66.076,40.1819,38.2599,-1,0.258507,-2.06184,-1.23777,0,3.0479,0.714271,-1.98928,0,7.90612,10.3558,7.61335,0
301,3,0,60.9757,69.9779,69.7416,54.4149,-1,-1.95525,0.565984,0.734722,0,0.200219,1.0066,-2.52699,0,10.5096,8.47954,9.94934,0
302,1,0,42.9077,53.1362,-1,-1,-1,-0.393792,0,0,0,-1.33922,0,0,0,9.99882,0,0,0
303,3,0,92.6959,67.3808,42.7426,35.8978,-1,-1.14945,-0.908056,-0.420598,0,-0.688612,-2.13064,0.717862,0,10.2827,9.7153,5.31897,0
304,3,0,148.348,119.607,43.9313,40.4761,-1,-1.26846,1.34362,-2.2988,0,-2.22889,2.75151,-2.85596,0,27.3853,11.8127,8.26821,0
305,0,0,81.9233,-1,-1,-1,-1,0,0,0,0,0,0,0,0,0,0,0,0
306,3,0,120.02,314.523,86.939,82.4726,-1,-0.774704,0.647456,-0.0212431,0,0.679486,3.12706,-2.2979,0,24.1795,16.0215,12.7809,0
307,3,0,229.839,387.632,313.698,35.0359,-1,1.15497,1.90853,1.98585,0,-0.777625,1.97768,-0.112986,0,44.2429,44.8532,6.53796,0
308,1,0,28.9255,40.6166,-1,-1,-1,1.06908,0,0,0,1.60999,0,0,0,8.7484,0,0,0
309,6,0,155.867,311.261,96.7769,95.2351,68.4426,0.111931,0.214933,0.712468,-0.181485,-0.0321803,-2.62026,2.86835,1.63805,43.8637,17.6467,17.414,9.76133
310,2,0,49.5827,64.9716,43.1501,-1,-1,-1.21654,-1.56229,0,0,2.03859,-1.60398,0,0,11.5069,5.95155,0,0
311,0,0,68.1638,-1,-1,-1,-1,0,0,0,0,0,0,0,0,0,0,0,0
312,4,0,93.087,93.2645,75.7557,64.829,54.154,-0.366301,1.15829,0.745941,0.190276,-1.23179,2.95178,1.4627,-1.75757,15.9135,12.2237,12.4677,10.1358
313,2,0,66.9329,51.0171,49.0118,-1,-1,0.578943,-0.591566,0,0,-0.924497,-2.20689,0,0,9.86006,7.03925,0,0
314,2,0,105.198,87.9516,38.2342,-1,-1,1.11331,0.626011,0,0,0.554191,-0.834105,0,0,13.9635,5.92593,0,0
315,1,0,94.3904,73.6173,-1,-1,-1,1.47562,0,0,0,-1.14063,0,0,0,11.5755,0,0,0
316,2,0,189.22,66.0391,42.2664,-1,-1,0.381873,1.75804,0,0,0.594617,2.17971,0,0,9.98951,8.21002,0,0
317,0,0,54.4169,-1,-1,-1,-1,0,0,0,0,0,0,0,0,0,0,0,0
318,0,0,34.1272,-1,-1,-1,-1,0,0,0,0,0,0,0,0,0,0,0,0
319,0,0,49.0008,-1,-1,-1,-1,0,0,0,0,0,0,0,0,0,0,0,0
320,2,0,130.087,58.925,44.0206,-1,-1,0.501015,-0.843814,0,0,-0.722542,-2.42764,0,0,10.9182,7.00376,0,0
321,1,0,72.4397,37.05,-1,-1,-1,1.12074,0,0,0,0.564173,0,0,0,6.9325,0,0,0
322,1,0,69.179,41.9209,-1,-1,-1,-0.59409,0,0,0,-2.08252,0,0,0,5.98292,0,0,0
323,2,0,74.2824,54.7372,39.967,-1,-1,-1.10197,-0.626782,0,0,-1.91226,2.15196,0,0,7.99435,9.23068,0,0
324,2,0,96.9916,52.6707,50.2625,-1,-1,-0.787922,-1.43204,0,0,2.51204,1.00256,0,0,7.86498,10.6148,0,0
325,2,0,184.79,126.642,72.0747,-1,-1,0.374246,-0.382712,0,0,0.702763,0.781445,0,0,13.1796,11.0602,0,0
326,1,0,55.1984,42.4506,-1,-1,-1,1.38732,0,0,0,-0.343935,0,0,0,6.24481,0,0,0
327,2,0,57.9664,88.8614,44.3141,-1,-1,1.27539,1.99797,0,0,-1.8558,1.3021,0,0,11.0872,8.12743,0,0
328,0,0,10.0877,-1,-1,-1,-1,0,0,0,0,0,0,0,0,0,0,0,0
329,2,0,54.9924,91.3507,43.624,-1,-1,0.527212,-0.597755,0,0,-0.364172,2.50253,0,0,12.497,8.95866,0,0
330,4,0,223.783,574.582,145.969,111.895,70.1242,-0.0350989,-1.07853,-1.78657,-2.24988,0.161681,2.92031,-2.70745,-2.73439,37.3926,13.4573,15.2686,8.80754
331,1,0,47.5726,46.6597,-1,-1,-1,-1.12007,0,0,0,-3.08948,0,0,0,6.91767,0,0,0
332,2,0,195.409,115.929,57.6922,-1,-1,-0.697001,-1.31937,0,0,0.769132,2.06936,0,0,21.4566,12.9238,0,0
333,2,0,27.9045,150.173,143.204,-1,-1,1.65695,0.974754,0,0,-1.52623,1.8301,0,0,15.4188,12.282,0,0
334,2,0,220.343,66.9534,53.5515,-1,-1,-0.198289,-0.696884,0,0,-0.443343,-0.43748,0,0,10.4407,9.99057,0,0
335,1,0,46.8141,52.825,-1,-1,-1,1.65116,0,0,0,3.1215,0,0,0,11.0676,0,0,0
336,1,0,20.1411,56.7212,-1,-1,-1,1.18537,0,0,0,1.44133,0,0,0,9.87713,0,0,0
337,2,0,58.351,51.7855,39.496,-1,-1,0.316604,0.974395,0,0,2.20605,-0.5116,0,0,8.07705,7.47665,0,0
338,2,0,50.4507,53.3584,39.179,-1,-1,0.568569,0.51328,0,0,2.78063,-1.80927,0,0,9.46476,4.32112,0,0
339,2,0,351.63,244.019,113.524,-1,-1,-0.404511,0.19262,0,0,0.706312,0.852998,0,0,29.3148,11.6315,0,0
340,2,0,27.1796,54.0445,40.0963,-1,-1,0.267629,1.46895,0,0,-1.73923,2.05261,0,0,7.45183,6.34627,0,0
341,2,0,27.7528,89.0951,59.3926,-1,-1,-0.77386,-1.93261,0,0,-1.26559,-1.58843,0,0,11.67,9.67706,0,0
342,3,0,145.894,222.557,50.4994,46.8134,-1,0.142666,1.44971,-2.24762,0,-2.1291,-0.912596,0.214074,0,40.0799,11.1727,8.11039,0
343,1,0,39.1942,90.3145,-1,-1,-1,-0.0414998,0,0,0,2.15727,0,0,0,12.0977,0,0,0
344,1,0,64.2995,51.2147,-1,-1,-1,2.38587,0,0,0,-0.387072,0,0,0,10.5312,0,0,0
345,1,0,85.9788,65.2476,-1,-1,-1,-1.06386,0,0,0,-2.31749,0,0,0,8.93073,0,0,0
346,2,0,66.1818,170.148,82.2809,-1,-1,-0.0138773,1.91229,0,0,1.54329,-1.83462,0,0,18.0668,7.61597,0,0
347,2,0,174.672,127.927,71.286,-1,-1,0.997827,1.80319,0,0,-0.369872,-1.1529,0,0,15.2645,14.6115,0,0
348,1,0,151.042,105.129,-1,-1,-1,-1.32043,0,0,0,-2.98302,0,0,0,15.1378,0,0,0
349,1,0,30.2429,36.222,-1,-1,-1,-1.30768,0,0,0,1.42613,0,0,0,6.432,0,0,0
350,0,0,37.6229,-1,-1,-1,-1,0,0,0,0,0,0,0,0,0,0,0,0
351,1,0,59.1274,47.5927,-1,-1,-1,0.709125,0,0,0,0.417057,0,0,0,8.01756,0,0,0
352,2,0,108.846,129.818,44.4249,-1,-1,1.80863,1.78101,0,0,-1.50052,-0.354328,0,0,19.6821,6.21358,0,0
353,1,0,77.4756,106.757,-1,-1,-1,1.38374,0,0,0,1.25358,0,0,0,16.9722,0,0,0
354,2,0,38.626,51.1743,38.0884,-1,-1,-0.847912,-0.326447,0,0,-2.93308,1.92214,0,0,9.21908,5.45861,0,0
355,1,0,171.771,123.452,-1,-1,-1,-0.36992,0,0,0,1.25413,0,0,0,9.34851,0,0,0
356,2,0,90.2494,100.767,60.4719,-1,-1,2.03462,-1.87614,0,0,0.368327,2.8472,0,0,19.8127,11.126,0,0
357,1,0,108.069,130.387,-1,-1,-1,-0.60279,0,0,0,-1.78078,0,0,0,12.4294,0,0,0
358,2,0,32.4952,52.1343,48.5663,-1,-1,-0.288971,1.2505,0,0,-0.326042,1.15533,0,0,9.51193,8.77142,0,0
359,4,0,501.158,508.931,171.947,99.5186,89.921,-0.539112,-0.233385,0.285881,1.40692,0.26465,-2.0346,-1.33743,0.404182,63.3318,19.7299,14.9097,16.5568
360,4,0,30.9641,74.3716,56.1396,54.8064,50.1763,-0.54719,-1.04868,-1.05892,1.79015,2.8446,-0.330976,-2.6799,0.973379,13.3586,8.97873,8.18573,9.67944
361,1,0,6.8119,53.3453,-1,-1,-1,-0.951635,0,0,0,1.55611,0,0,0,9.8069,0,0,0
362,2,0,48.6592,101.033,39.2519,-1,-1,-0.790712,-0.52029,0,0,0.529216,-1.59668,0,0,12.5881,9.77916,0,0
363,1,0,116.491,152.869,-1,-1,-1,2.22033,0,0,0,2.47019,0,0,0,16.8949,0,0,0
364,2,0,25.2636,70.7084,64.4869,-1,-1,0.170655,0.534677,0,0,0.411036,-1.61112,0,0,10.0313,7.08427,0,0
365,1,0,83.3675,124.736,-1,-1,-1,-1.08,0,0,0,1.8044,0,0,0,11.9041,0,0,0
366,2,0,152.898,210.824,59.9484,-1,-1,-0.749761,-0.315287,0,0,-2.89383,-0.247325,0,0,28.1501,7.46458,0,0
367,2,0,36.6625,77.7276,61.6694,-1,-1,1.35195,0.290469,0,0,-0.920791,1.91367,0,0,7.64105,13.7615,0,0
368,2,0,158.009,80.3888,38.729,-1,-1,0.530575,2.08132,0,0,0.186142,0.27244,0,0,14.7933,5.75941,0,0
369,3,0,56.2294,60.5144,60.3549,39.6497,-1,1.18228,-0.190074,-0.682398,0,-0.00915453,1.59338,-0.691969,0,12.5005,6.33234,8.11834,0
370,2,0,38.1597,141.965,119.556,-1,-1,-1.22314,-1.30088,0,0,1.52911,-1.88011,0,0,21.4622,23.567,0,0
371,2,0,71.3523,60.7766,39.3105,-1,-1,-1.08391,-1.42512,0,0,-2.81747,1.29481,0,0,8.33364,4.93328,0,0
372,3,0,124.208,68.8483,53.9074,47.1004,-1,-2.08013,-1.57335,-1.9049,0,-1.01254,-2.21954,0.0976838,0,7.18865,10.2369,11.0727,0
373,1,0,56.5892,64.8885,-1,-1,-1,1.24635,0,0,0,2.68529,0,0,0,14.2859,0,0,0
374,2,0,124.373,89.7972,35.166,-1,-1,-1.26482,-1.76876,0,0,-2.73445,1.48341,0,0,18.9177,4.08987,0,0
375,2,0,94.3356,57.5642,51.4759,-1,-1,0.314778,-0.336195,0,0,-0.14283,1.9074,0,0,9.65143,7.73789,0,0
376,2,0,77.2895,72.2152,68.8948,-1,-1,2.26239,1.64068,0,0,2.03156,-2.05204,0,0,9.2302,15.0678,0,0
377,3,0,152.541,252.957,116.534,47.1745,-1,-0.897551,-0.0596355,1.36468,0,0.798038,2.53778,-1.26212,0,26.6405,14.0632,11.0172,0
378,2,0,208.751,138.142,82.2741,-1,-1,0.37244,0.388707,0,0,1.64372,0.692513,0,0,16.1315,10.8994,0,0
379,4,0,131.122,220.685,153.135,72.3897,71.3586,-1.08471,-1.39842,-0.385439,-0.732993,-1.00658,2.60823,-0.942862,2.5631,19.587,37.7628,9.60782,11.9146
380,2,0,44.1489,56.7345,42.3763,-1,-1,1.74544,-1.95884,0,0,2.8476,-1.68597,0,0,9.72169,6.29054,0,0
381,3,0,188.162,388.062,225.703,45.4097,-1,-1.03523,-0.901144,-2.06878,0,-1.70556,1.179,1.03425,0,66.6992,37.033,8.42864,0
382,2,0,33.3585,146.002,80.7692,-1,-1,0.339825,-0.946174,0,0,-2.96961,-0.408119,0,0,25.0602,10.511,0,0
383,1,0,69.1528,54.2854,-1,-1,-1,1.94732,0,0,0,1.10384,0,0,0,9.3082,0,0,0
384,2,0,64.0723,56.7072,47.4265,-1,-1,-0.0231488,0.945906,0,0,1.29059,-0.90571,0,0,9.00976,4.90416,0,0
385,1,0,180.869,206.982,-1,-1,-1,1.07881,0,0,0,-1.35383,0,0,0,33.3373,0,0,0
386,2,0,177.017,53.4163,53.331,-1,-1,1.15777,1.26253,0,0,-1.10595,-1.82247,0,0,11.7252,10.1366,0,0
387,4,0,91.3969,123.38,80.0799,72.6381,56.1006,0.261688,0.989818,1.64818,0.205206,0.81869,0.382396,-2.5611,-2.25138,30.1437,13.7938,13.9815,6.03951
388,0,0,41.0255,-1,-1,-1,-1,0,0,0,0,0,0,0,0,0,0,0,0
389,2,0,145.194,76.0619,72.5232,-1,-1,1.45344,0.164697,0,0,-1.90897,-1.38283,0,0,9.17132,10.9057,0,0
390,1,0,60.8667,65.3612,-1,-1,-1,0.410916,0,0,0,-0.0269772,0,0,0,9.60422,0,0,0
391,1,0,85.0313,38.8515,-1,-1,-1,-0.339056,0,0,0,2.50485,0,0,0,7.95028,0,0,0
392,0,0,84.6745,-1,-1,-1,-1,0,0,0,0,0,0,0,0,0,0,0,0
393,3,0,279.237,124.071,110.545,67.9688,-1,-0.56057,-0.444949,-1.13875,0,-0.836027,-1.43142,0.361836,0,13.5772,18.2384,13.1798,0
394,2,0,144.979,94.2834,61.299,-1,-1,-1.82162,-0.998312,0,0,-0.230759,-1.12704,0,0,10.7647,8.7783,0,0
395,1,0,106.204,121.05,-1,-1,-1,-0.15255,0,0,0,-0.992119,0,0,0,17.2115,0,0,0
396,0,0,72.624,-1,-1,-1,-1,0,0,0,0,0,0,0,0,0,0,0,0
397,5,0,148.863,389.271,227.364,206.577,125.708,0.948452,0.16645,-0.380401,0.0228252,-1.29066,0.7252,2.85707,3.06004,49.6968,21.4418,36.275,18.08
398,3,0,129.147,101.673,76.2088,76.1166,-1,0.369241,1.70698,1.67536,0,-0.922219,1.17457,-1.14518,0,12.1086,16.8083,12.8225,0
399,2,0,154.203,121.89,48.9515,-1,-1,1.26795,1.60033,0,0,3.08343,-1.94009,0,0,27.522,9.96003,0,0
400,3,0,44.3763,104.756,102.477,45.4627,-1,-0.989098,-2.27787,-1.82335,0,-1.29571,0.921186,2.45031,0,13.5582,14.3975,10.7964,0
401,2,0,128.733,125.193,95.7651,-1,-1,-0.618748,-1.4923,0,0,1.69761,-2.47931,0,0,21.6564,12.2161,0,0
402,5,0,192.184,594.871,250.808,228.529,42.8307,0.758182,0.34182,0.528492,0.26048,-1.3566,1.29456,1.78557,-1.65699,31.9481,24.0708,18.8061,8.61327
403,0,0,41.1711,-1,-1,-1,-1,0,0,0,0,0,0,0,0,0,0,0,0
404,4,0,85.072,58.3215,48.8364,36.1365,35.4576,0.785379,1.86824,1.95204,-0.39535,-2.19503,-2.46944,1.94688,1.38269,10.6518,7.65057,6.46196,5.79851
405,1,0,68.5905,65.2584,-1,-1,-1,-1.64128,0,0,0,1.56819,0,0,0,6.56904,0,0,0
406,2,0,95.5098,68.7189,47.8618,-1,-1,0.768615,-1.74544,0,0,-3.00535,1.38411,0,0,8.60563,8.40218,0,0
407,2,0,119.789,94.763,35.57,-1,-1,0.497204,2.36229,0,0,1.03064,1.3498,0,0,12.3728,6.94906,0,0
408,0,0,48.7892,-1,-1,-1,-1,0,0,0,0,0,0,0,0,0,0,0,0
409,0,0,36.4165,-1,-1,-1,-1,0,0,0,0,0,0,0,0,0,0,0,0
410,3,0,121.644,59.6394,48.4661,36.7892,-1,-1.08746,-1.33952,-1.02516,0,-0.352377,1.6206,0.277376,0,10.1291,9.47785,5.13202,0
411,1,0,60.2634,58.2826,-1,-1,-1,0.946324,0,0,0,1.05891,0,0,0,9.25118,0,0,0
412,2,0,249.806,155.958,116.455,-1,-1,-0.266411,-0.0186569,0,0,0.0364112,-0.911625,0,0,26.5947,14.6565,0,0
413,2,0,100.243,105.693,50.8164,-1,-1,-1.43725,-0.730389,0,0,-1.09126,-2.41916,0,0,16.867,9.27106,0,0
414,1,0,41.2974,57.0148,-1,-1,-1,-1.46158,0,0,0,-2.10991,0,0,0,8.1765,0,0,0
415,0,0,65.6564,-1,-1,-1,-1,0,0,0,0,0,0,0,0,0,0,0,0
416,1,0,109.957,56.1641,-1,-1,-1,0.395154,0,0,0,3.08081,0,0,0,6.33035,0,0,0
417,1,0,138.936,95.1959,-1,-1,-1,1.11864,0,0,0,0.285631,0,0,0,13.0848,0,0,0
418,2,0,79.9641,76.1544,47.5869,-1,-1,0.794734,-0.156274,0,0,1.87837,-2.62511,0,0,11.3122,8.83734,0,0
419,4,0,123.179,163.341,144.367,81.0168,66.4355,-0.995602,-0.84235,-1.33528,2.33195,1.03109,-2.8701,-2.19242,1.54258,20.9306,15.0383,12.1797,7.81331
420,0,0,65.7846,-1,-1,-1,-1,0,0,0,0,0,0,0,0,0,0,0,0
421,1,0,28.5739,41.0874,-1,-1,-1,-1.0675,0,0,0,-0.0457167,0,0,0,8.5799,0,0,0
422,3,0,93.4817,69.8359,63.9639,36.4568,-1,0.0475258,0.467201,1.25758,0,0.0953842,-1.9732,0.771949,0,13.0774,12.4472,8.36474,0
423,1,0,82.9924,36.9608,-1,-1,-1,1.62545,0,0,0,1.33116,0,0,0,7.30872,0,0,0
424,0,0,24.6411,-1,-1,-1,-1,0,0,0,0,0,0,0,0,0,0,0,0
425,1,0,73.3589,92.669,-1,-1,-1,0.891996,0,0,0,-1.14852,0,0,0,13.8943,0,0,0
426,0,0,51.3419,-1,-1,-1,-1,0,0,0,0,0,0,0,0,0,0,0,0
427,2,0,52.1551,45.7561,36.0977,-1,-1,0.534638,0.806277,0,0,1.76619,-3.06377,0,0,6.92428,8.18845,0,0
428,1,0,30.3537,39.2858,-1,-1,-1,-0.4797,0,0,0,-2.77628,0,0,0,6.64499,0,0,0
429,0,0,13.2129,-1,-1,-1,-1,0,0,0,0,0,0,0,0,0,0,0,0
430,2,0,94.747,77.6011,53.0485,-1,-1,-0.490734,-0.354132,0,0,-1.83972,-0.27596,0,0,10.1487,6.3109,0,0
431,1,0,107.498,96.1941,-1,-1,-1,1.33237,0,0,0,-1.1747,0,0,0,11.5735,0,0,0
432,1,0,76.288,36.2336,-1,-1,-1,-1.08289,0,0,0,-2.22365,0,0,0,3.87898,0,0,0
433,0,0,18.1149,-1,-1,-1,-1,0,0,0,0,0,0,0,0,0,0,0,0
434,5,0,66.9892,55.5022,54.7628,52.0856,50.375,2.20336,-1.04651,1.78145,2.14078,0.00527117,-2.24479,1.08728,-1.90952,8.21965,12.3123,6.81441,7.85485
435,1,0,46.0837,49.0641,-1,-1,-1,0.840405,0,0,0,-2.41034,0,0,0,9.39423,0,0,0
436,0,0,95.5773,-1,-1,-1,-1,0,0,0,0,0,0,0,0,0,0,0,0
437,0,0,83.9463,-1,-1,-1,-1,0,0,0,0,0,0,0,0,0,0,0,0
438,2,0,54.6006,172.506,81.8292,-1,-1,-1.24814,0.63048,0,0,2.47262,-1.1077,0,0,22.2177,10.6093,0,0
439,1,0,46.9567,79.8523,-1,-1,-1,1.12661,0,0,0,2.39563,0,0,0,10.7348,0,0,0
440,2,0,95.2909,64.3198,39.4557,-1,-1,-0.258348,0.830355,0,0,1.0665,1.69482,0,0,7.85301,7.21544,0,0
441,1,0,37.257,43.1991,-1,-1,-1,-1.46304,0,0,0,-3.02865,0,0,0,6.53442,0,0,0
442,1,0,9.21412,40.0156,-1,-1,-1,0.257558,0,0,0,2.54722,0,0,0,6.72556,0,0,0
443,2,0,97.3101,59.4963,39.2421,-1,-1,-1.189,-1.37591,0,0,1.59825,2.09651,0,0,14.3048,5.5384,0,0
444,0,0,20.6427,-1,-1,-1,-1,0,0,0,0,0,0,0,0,0,0,0,0
445,3,0,97.0343,264.457,106.589,84.7683,-1,-1.45123,-1.58101,-1.00773,0,-3.04559,0.236007,0.373945,0,30.5663,18.8947,14.4911,0
446,0,0,35.9692,-1,-1,-1,-1,0,0,0,0,0,0,0,0,0,0,0,0
447,1,0,129.235,164.049,-1,-1,-1,-0.660108,0,0,0,-2.45602,0,0,0,13.4135,0,0,0
448,1,0,68.8538,39.217,-1,-1,-1,-0.995002,0,0,0,1.46922,0,0,0,5.51851,0,0,0
449,1,0,103.723,108.096,-1,-1,-1,-0.0500206,0,0,0,-2.70901,0,0,0,14.5535,0,0,0
450,3,0,29.9563,194.095,116.126,49.2388,-1,0.248976,-0.989822,-1.46064,0,-2.63741,0.144934,0.897884,0,21.195,16.6783,8.81339,0
451,3,0,64.7035,71.5257,53.2881,46.3555,-1,0.756453,2.19969,1.88654,0,2.08446,-3.01298,0.344319,0,6.89178,7.00449,7.61805,0
452,1,0,73.6202,38.6983,-1,-1,-1,-1.37947,0,0,0,0.910754,0,0,0,6.57143,0,0,0
453,2,0,76.9726,80.7905,60.8427,-1,-1,-0.421706,0.763968,0,0,2.57522,0.669176,0,0,15.872,9.01817,0,0
454,0,0,46.9442,-1,-1,-1,-1,0,0,0,0,0,0,0,0,0,0,0,0
455,3,0,121.955,167.127,66.3112,38.6162,-1,1.0487,-0.474489,0.442658,0,1.13714,-1.46144,2.41868,0,23.6315,8.66239,6.48236,0
456,0,0,65.3485,-1,-1,-1,-1,0,0,0,0,0,0,0,0,0,0,0,0
457,2,0,46.584,91.7578,54.4512,-1,-1,1.94588,2.24871,0,0,-1.56968,1.73443,0,0,16.3421,7.85643,0,0
458,3,0,155.199,181.957,178.62,128.226,-1,0.0309027,1.16777,-1.44047,0,-1.24836,2.15982,2.54305,0,18.6686,21.336,20.2441,0
459,1,0,34.9434,86.4215,-1,-1,-1,0.792069,0,0,0,2.88291,0,0,0,11.793,0,0,0
460,3,0,71.1289,60.038,56.937,43.1979,-1,-0.139375,-0.863681,0.522999,0,1.4313,-2.76126,-0.527629,0,8.93525,8.3699,7.41353,0
461,2,0,22.4394,59.2206,55.8296,-1,-1,0.483677,-0.32674,0,0,1.4016,-2.20874,0,0,9.00658,8.36051,0,0
462,2,0,307.902,298.667,52.1442,-1,-1,-0.517458,1.08227,0,0,2.48837,2.28123,0,0,26.8576,9.15776,0,0
463,2,0,118.447,71.2507,62.1321,-1,-1,-0.0577145,-1.65962,0,0,1.98289,2.64184,0,0,9.10286,9.06984,0,0
464,1,0,39.4329,62.8517,-1,-1,-1,0.419491,0,0,0,-0.901206,0,0,0,7.19527,0,0,0
465,1,0,78.3044,91.0398,-1,-1,-1,-0.360147,0,0,0,-0.889404,0,0,0,12.2778,0,0,0
466,2,0,169.197,115.605,74.6608,-1,-1,1.03602,2.08788,0,0,0.34951,0.861975,0,0,16.4732,8.72213,0,0
467,0,0,66.8472,-1,-1,-1,-1,0,0,0,0,0,0,0,0,0,0,0,0
468,1,0,41.71,50.3565,-1,-1,-1,0.399378,0,0,0,1.04858,0,0,0,9.48006,0,0,0
469,1,0,86.0912,84.8284,-1,-1,-1,1.23127,0,0,0,2.98767,0,0,0,11.7839,0,0,0
470,5,0,182.406,81.3299,47.644,45.1793,43.9678,0.282097,0.418302,0.522816,-0.763813,0.0128251,2.2596,0.741982,1.85908,11.0882,8.12452,7.28952,10.1425
471,0,0,56.9852,-1,-1,-1,-1,0,0,0,0,0,0,0,0,0,0,0,0
472,2,0,101.559,71.3786,39.0553,-1,-1,-0.812385,-2.20305,0,0,2.40571,-3.14105,0,0,11.5726,5.25448,0,0
473,1,0,112.107,59.4311,-1,-1,-1,1.92519,0,0,0,0.126375,0,0,0,8.84979,0,0,0
474,1,0,35.2716,45.6819,-1,-1,-1,0.334875,0,0,0,-0.585703,0,0,0,10.2885,0,0,0
475,1,0,82.6062,69.9719,-1,-1,-1,1.50078,0,0,0,-0.977128,0,0,0,10.7294,0,0,0
476,3,0,91.0231,66.0731,46.381,35.1008,-1,-0.820033,-2.08613,-0.242595,0,-1.2315,1.11882,1.54186,0,9.03533,8.4894,7.11154,0
477,0,0,67.36,-1,-1,-1,-1,0,0,0,0,0,0,0,0,0,0,0,0
478,1,0,73.1093,65.5339,-1,-1,-1,0.522724,0,0,0,0.348147,0,0,0,5.03677,0,0,0
479,2,0,24.5474,47.4367,41.2363,-1,-1,-2.13921,-0.959433,0,0,-0.973047,1.27512,0,0,8.31373,6.52312,0,0
480,4,0,63.3012,112.135,84.2557,63.2876,40.0723,1.18324,0.128895,0.953982,2.16934,0.527309,-1.68637,-2.77989,0.797396,14.5522,9.49153,7.59018,6.65817
481,0,0,87.2945,-1,-1,-1,-1,0,0,0,0,0,0,0,0,0,0,0,0
482,2,0,99.4033,70.2449,50.7262,-1,-1,-0.959384,-2.24753,0,0,2.97641,1.12493,0,0,8.99843,13.0359,0,0
483,2,0,16.1826,47.3403,37.1213,-1,-1,-2.21841,1.91487,0,0,2.55349,-1.97394,0,0,7.44414,5.68093,0,0
484,3,0,168.289,56.464,44.0093,38.8339,-1,1.10937,0.382396,1.86063,0,-2.37776,-2.53449,-1.48711,0,12.7828,5.4356,6.9834,0
485,2,0,37.6016,45.7432,40.1984,-1,-1,-1.91673,-2.00534,0,0,1.6278,-1.01398,0,0,8.06892,7.93911,0,0
486,1,0,115.802,110.6,-1,-1,-1,-1.06344,0,0,0,-1.84178,0,0,0,12.4175,0,0,0
487,2,0,168.212,185.279,38.7434,-1,-1,0.456175,0.196485,0,0,-0.665824,0.5177,0,0,23.3972,6.72679,0,0
488,2,0,36.3558,58.883,36.2254,-1,-1,0.621279,1.08412,0,0,2.92267,-0.722328,0,0,8.52415,8.64543,0,0
489,1,0,143.009,164.167,-1,-1,-1,-0.953181,0,0,0,2.42863,0,0,0,17.7803,0,0,0
490,4,0,105.642,98.5323,92.8288,60.655,47.1205,1.2196,-0.00450836,-2.25475,-0.252812,-2.59844,1.00487,2.35221,-0.0859824,18.9251,12.7971,8.23116,4.33213
491,2,0,35.2237,66.5013,55.7929,-1,-1,-1.55873,0.519476,0,0,-0.978756,0.536908,0,0,11.0729,15.3808,0,0
492,2,0,27.8338,80.106,70.7554,-1,-1,-1.97377,-0.716041,0,0,3.07296,-0.517392,0,0,11.6446,16.9652,0,0
493,0,0,47.288,-1,-1,-1,-1,0,0,0,0,0,0,0,0,0,0,0,0
494,2,0,132.166,99.0374,78.6005,-1,-1,1.43591,1.63329,0,0,3.13445,2.26402,0,0,19.1052,12.3446,0,0
495,3,0,120.745,88.1591,60.5559,54.4134,-1,0.37521,0.732825,0.0803728,0,-2.43061,1.63184,-1.8246,0,9.95279,5.91472,7.73217,0
496,2,0,25.3085,51.9446,36.5062,-1,-1,-0.609076,-1.27874,0,0,-0.955379,0.161472,0,0,6.69899,7.3654,0,0
497,1,0,106.086,150.299,-1,-1,-1,0.468881,0,0,0,-2.88318,0,0,0,20.0807,0,0,0
498,1,0,40.9874,52.8221,-1,-1,-1,1.86598,0,0,0,2.67202,0,0,0,6.98153,0,0,0
499,0,0,39.8784,-1,-1,-1,-1,0,0,0,0,0,0,0,0,0,0,0,0
500,1,0,21.2947,61.3857,-1,-1,-1,0.0452744,0,0,0,0.86961,0,0,0,9.37817,0,0,0
501,4,0,291.384,285.292,82.4504,55.3338,52.3656,0.542184,-1.14193,-2.18602,-1.24924,-0.00154109,-3.1368,-0.0171373,-1.14325,37.6647,14.3699,11.2557,10.6466
502,5,0,63.852,220.347,167.367,43.6121,42.2879,-1.31351,-1.53424,2.37678,-0.230982,-1.83085,2.15187,1.45823,1.27202,16.4745,17.4332,10.2902,9.09152
503,0,0,31.6769,-1,-1,-1,-1,0,0,0,0,0,0,0,0,0,0,0,0
504,2,0,191.478,172.558,84.7818,-1,-1,-0.772727,1.32693,0,0,0.0410262,2.27817,0,0,22.4874,10.2831,0,0
505,2,0,121.071,68.9815,37.0532,-1,-1,1.6546,-0.897611,0,0,-1.73764,-2.41004,0,0,11.1675,7.38628,0,0
506,1,0,143.4,104.544,-1,-1,-1,0.414525,0,0,0,-2.56935,0,0,0,12.7766,0,0,0
507,1,0,88.5562,40.7858,-1,-1,-1,-0.233369,0,0,0,-1.44133,0,0,0,7.08204,0,0,0
508,4,0,133.182,234.549,78.8424,69.8089,56.8762,1.79819,0.948643,1.91425,1.22185,-0.0447464,-1.85804,-2.88858,3.12406,28.7885,16.3206,9.44428,14.1364
509,3,0,106.763,172.84,149.493,107.843,-1,0.58557,-0.693871,-1.85783,0,-0.056508,-2.29446,2.87624,0,23.0945,15.1787,13.6352,0
510,2,0,158.796,57.6693,40.7682,-1,-1,-0.677257,0.257502,0,0,3.01199,0.502856,0,0,7.8649,6.67614,0,0
511,0,0,40.2025,-1,-1,-1,-1,0,0,0,0,0,0,0,0,0,0,0,0
512,2,0,13.6889,100.554,80.5206,-1,-1,1.39753,1.42081,0,0,1.50147,-1.63826,0,0,15.4447,10.2677,0,0
513,2,0,97.0097,94.3087,40.2027,-1,-1,0.41618,-0.200504,0,0,0.253526,0.270323,0,0,13.8485,8.27214,0,0
514,3,0,65.0388,83.407,52.5062,40.1264,-1,1.95772,0.616573,0.402163,0,-3.1298,-1.53662,2.54655,0,10.7185,7.09421,6.19484,0
515,1,0,59.5578,42.8884,-1,-1,-1,2.12371,0,0,0,0.671093,0,0,0,7.5446,0,0,0
516,2,0,96.7961,53.9842,45.6279,-1,-1,-0.648971,0.332344,0,0,2.27353,2.3867,0,0,8.68757,8.42974,0,0
517,2,0,139.319,110.644,38.6271,-1,-1,1.51587,2.34599,0,0,0.0711552,-0.880524,0,0,14.6234,5.5531,0,0
518,2,0,96.7272,79.7087,43.0159,-1,-1,-0.506663,-0.0843278,0,0,2.09128,-1.96837,0,0,8.415,7.64402,0,0
519,1,0,33.6329,35.8942,-1,-1,-1,0.556236,0,0,0,0.723912,0,0,0,6.76141,0,0,0
520,1,0,54.9567,41.0127,-1,-1,-1,-0.539122,0,0,0,-0.0456563,0,0,0,6.75452,0,0,0
521,2,0,227.516,167.577,162.091,-1,-1,1.56159,1.09484,0,0,-1.38659,-0.858302,0,0,23.2814,24.902,0,0
522,3,0,494.447,479.304,211.481,63.4411,-1,-0.525813,1.00947,0.170577,0,2.54444,-1.29558,-2.2174,0,30.6275,25.8624,7.74257,0
523,1,0,143.486,130.354,-1,-1,-1,0.888178,0,0,0,-0.729751,0,0,0,10.4509,0,0,0
524,1,0,34.0798,36.297,-1,-1,-1,-0.290029,0,0,0,-1.6241,0,0,0,7.2774,0,0,0
525,2,0,88.0028,61.1334,58.3682,-1,-1,-0.688513,-1.07673,0,0,0.695839,2.74733,0,0,10.0363,10.3436,0,0
526,4,0,341.669,494.388,180.413,80.9203,40.8457,-0.53174,0.227255,-1.49607,-1.61885,0.707235,-2.03573,0.666197,-2.62487,42.4316,23.3632,12.8282,11.0066
527,2,0,178.58,118.214,45.1333,-1,-1,1.70547,1.71872,0,0,2.80216,0.968488,0,0,13.6499,9.19525,0,0
528,1,0,496.054,504.932,-1,-1,-1,-0.373393,0,0,0,1.14962,0,0,0,36.3626,0,0,0
529,2,0,37.6609,95.3866,60.6304,-1,-1,0.994774,1.85382,0,0,1.01441,-2.32542,0,0,17.4354,11.6064,0,0
530,1,0,114.949,72.5836,-1,-1,-1,-0.485049,0,0,0,-0.968708,0,0,0,7.57085,0,0,0
531,3,0,144.906,94.4283,65.7065,64.4443,-1,0.686351,0.0598426,-0.186344,0,2.50613,1.10108,0.519559,0,9.05511,10.2425,8.12472,0
532,1,0,79.0757,74.9048,-1,-1,-1,-0.500814,0,0,0,2.83412,0,0,0,7.08335,0,0,0
533,2,0,102.416,98.9822,46.8558,-1,-1,0.0137478,0.394715,0,0,-1.60521,0.505846,0,0,10.9085,6.65769,0,0
534,2,0,182.335,160.758,62.1677,-1,-1,-0.345999,1.6517,0,0,0.634345,0.474539,0,0,13.7116,11.4476,0,0
535,1,0,179.425,177.621,-1,-1,-1,-0.30839,0,0,0,1.2407,0,0,0,16.2419,0,0,0
536,1,0,63.2153,42.5956,-1,-1,-1,1.13647,0,0,0,-2.88465,0,0,0,8.95332,0,0,0
537,2,0,100.252,81.0561,53.2051,-1,-1,0.977046,1.26077,0,0,-2.52434,1.51577,0,0,10.638,9.31511,0,0
538,4,0,217.106,260.209,221.401,126.996,44.1675,0.487129,-0.217566,0.210086,-0.719757,-1.76548,0.97815,-2.30462,-2.80275,24.8033,25.7339,12.0067,7.57392
539,2,0,14.6023,51.0383,50.9401,-1,-1,1.96515,2.32951,0,0,0.0837532,3.0834,0,0,5.41493,6.17977,0,0
540,1,0,102.709,71.3802,-1,-1,-1,1.45748,0,0,0,1.56681,0,0,0,13.5601,0,0,0
541,1,0,60.5873,44.3399,-1,-1,-1,0.783729,0,0,0,2.2453,0,0,0,6.32657,0,0,0
542,5,0,130.117,195.955,71.8223,65.2107,63.0924,-0.232681,-0.722571,0.836846,-1.63307,-0.122819,-0.131972,2.37109,-2.97196,33.9335,8.97828,8.2823,5.39458
543,2,0,151.827,94.5628,44.6703,-1,-1,1.18127,0.97195,0,0,-2.11646,-2.79852,0,0,15.0153,10.21,0,0
544,4,0,47.4439,144.586,72.7353,49.5783,38.23,-1.29425,-0.912259,-1.68283,-1.53434,2.63315,0.00507547,-2.2613,1.46533,15.6879,11.0647,5.82205,5.59563
545,0,0,40.8035,-1,-1,-1,-1,0,0,0,0,0,0,0,0,0,0,0,0
546,2,0,110.891,108.109,84.2329,-1,-1,-1.0091,-1.07194,0,0,0.25816,1.42423,0,0,13.8499,9.08942,0,0
547,3,0,53.535,185.663,89.3026,65.3441,-1,-0.229365,-0.019632,-1.28248,0,1.15928,-2.42857,-2.54077,0,23.0811,19.2359,13.9453,0
548,4,0,198.336,137.157,79.3482,78.064,56.2856,-0.24121,0.848499,0.502628,1.91271,-2.96111,-1.13588,-2.33215,-0.701328,16.8986,13.4802,14.1412,12.0048
549,0,0,58.2528,-1,-1,-1,-1,0,0,0,0,0,0,0,0,0,0,0,0
550,2,0,16.7899,66.3972,63.4393,-1,-1,0.347167,0.436678,0,0,0.812009,-1.72939,0,0,13.7416,14.3184,0,0
551,1,0,91.424,149.045,-1,-1,-1,-1.22855,0,0,0,-2.11453,0,0,0,17.0984,0,0,0
552,3,0,172.09,110.575,84.4761,63.7475,-1,-0.834502,-0.35439,0.402956,0,-0.362322,0.227742,-1.96489,0,10.3911,11.2161,7.00058,0
553,0,0,55.6316,-1,-1,-1,-1,0,0,0,0,0,0,0,0,0,0,0,0
554,1,0,61.0645,100.264,-1,-1,-1,-0.658685,0,0,0,-2.5302,0,0,0,15.5064,0,0,0
555,3,0,54.8605,47.2155,46.8262,39.6342,-1,1.28967,-0.308389,-1.75279,0,-1.91046,0.758003,-2.66692,0,7.21354,7.36845,9.06951,0
556,2,0,230.348,331.7,69.0078,-1,-1,0.992574,1.45072,0,0,1.57228,-1.57925,0,0,66.0702,14.1697,0,0
557,5,0,155.512,389.251,278.422,133.215,53.3878,-0.586353,-0.818773,-1.5944,-0.307168,0.641124,-2.08234,2.29281,1.25935,59.747,21.8761,15.698,9.45701
558,2,0,65.9935,61.4154,52.758,-1,-1,-0.343096,0.126947,0,0,-2.24623,1.71293,0,0,7.63178,7.59672,0,0
559,2,0,50.5947,59.4957,51.6833,-1,-1,-1.27361,-1.94013,0,0,-0.769014,-2.35071,0,0,9.71034,7.74902,0,0
560,2,0,88.7231,70.2431,68.5569,-1,-1,1.08871,-1.25633,0,0,0.171984,2.65988,0,0,7.29533,9.29204,0,0
561,1,0,123.918,95.2254,-1,-1,-1,-1.67568,0,0,0,2.10219,0,0,0,10.6489,0,0,0
562,1,0,106.302,42.6698,-1,-1,-1,-0.64698,0,0,0,-1.97935,0,0,0,7.05958,0,0,0
563,1,0,171.248,248.731,-1,-1,-1,1.85677,0,0,0,2.43163,0,0,0,18.8365,0,0,0
564,1,0,70.7481,46.4726,-1,-1,-1,0.0880439,0,0,0,-0.0449846,0,0,0,6.2982,0,0,0
565,0,0,40.881,-1,-1,-1,-1,0,0,0,0,0,0,0,0,0,0,0,0
566,1,0,15.296,51.8772,-1,-1,-1,2.29135,0,0,0,3.01788,0,0,0,8.53148,0,0,0
567,0,0,30.8731,-1,-1,-1,-1,0,0,0,0,0,0,0,0,0,0,0,0
568,1,0,75.5981,41.7422,-1,-1,-1,2.02583,0,0,0,-1.38677,0,0,0,9.64062,0,0,0
569,0,0,90.5338,-1,-1,-1,-1,0,0,0,0,0,0,0,0,0,0,0,0
570,3,0,99.147,155.572,137.49,47.1711,-1,-1.15915,1.21435,0.1626,0,3.05556,1.10671,0.0139233,0,19.1463,19.3662,6.44354,0
571,0,0,53.081,-1,-1,-1,-1,0,0,0,0,0,0,0,0,0,0,0,0
572,2,0,89.098,120.363,91.5651,-1,-1,1.20891,0.826325,0,0,-2.86666,1.09402,0,0,18.2196,15.1014,0,0
573,2,0,72.4023,57.764,47.4883,-1,-1,-2.27784,-1.88633,0,0,2.6221,1.38238,0,0,8.2344,8.29455,0,0
574,0,0,54.4054,-1,-1,-1,-1,0,0,0,0,0,0,0,0,0,0,0,0
575,3,0,109.42,94.7629,80.0644,72.4747,-1,1.69226,0.167544,0.435163,0,2.48377,2.81044,-1.27841,0,11.7594,10.7752,7.68338,0
576,3,0,136.304,144.338,64.7164,59.0924,-1,0.0635773,0.637125,-1.60726,0,-2.3061,0.966774,-3.01724,0,19.8697,9.58179,9.9439,0
577,1,0,67.8867,58.3848,-1,-1,-1,-1.41735,0,0,0,0.0156249,0,0,0,7.94441,0,0,0
578,3,0,235.727,189.671,57.3495,37.1116,-1,2.03255,-0.258665,0.475649,0,1.75349,2.88183,-0.998319,0,21.985,10.37,6.48837,0
579,0,0,27.037,-1,-1,-1,-1,0,0,0,0,0,0,0,0,0,0,0,0
580,2,0,31.7515,62.6026,41.441,-1,-1,0.968143,-0.411348,0,0,-0.838808,2.24317,0,0,6.46898,8.52466,0,0
581,3,0,97.5139,103.428,85.5603,48.9576,-1,-0.550183,-0.621137,0.419315,0,3.12452,0.224883,-3.08607,0,12.5783,12.2217,8.35845,0
582,2,0,161.663,71.8417,51.2874,-1,-1,-1.54534,-0.462171,0,0,3.00497,2.9437,0,0,14.7145,9.7481,0,0
583,1,0,34.9656,58.9258,-1,-1,-1,2.30269,0,0,0,3.09881,0,0,0,4.74936,0,0,0
584,2,0,109.783,56.6121,48.6174,-1,-1,0.805882,0.958103,0,0,2.89752,1.38651,0,0,9.89497,7.64433,0,0
585,1,0,23.8868,39.6017,-1,-1,-1,0.436489,0,0,0,-0.521793,0,0,0,5.40785,0,0,0
586,3,0,54.5181,163.658,125.935,94.5939,-1,-0.646639,-0.630837,-1.44976,0,-2.7982,0.0281882,-0.138699,0,18.237,11.4253,10.8343,0
587,2,0,33.6358,46.4331,39.861,-1,-1,0.249093,-0.439468,0,0,-3.06825,-0.188169,0,0,6.87076,8.11075,0,0
588,2,0,145.773,105.315,64.5705,-1,-1,-1.39533,2.31896,0,0,-1.28554,2.12875,0,0,11.3051,8.6884,0,0
589,0,0,120.326,-1,-1,-1,-1,0,0,0,0,0,0,0,0,0,0,0,0
590,1,0,31.2428,45.2152,-1,-1,-1,-1.63781,0,0,0,-2.68774,0,0,0,7.48896,0,0,0
591,3,0,193.148,95.3823,68.0735,37.1793,-1,-0.375446,0.873164,1.29001,0,-1.71858,-2.72398,-2.84819,0,11.8277,9.96074,4.01933,0
592,2,0,84.3449,71.8794,68.7352,-1,-1,-0.313998,0.298351,0,0,0.100404,-0.932669,0,0,7.5765,10.7005,0,0
593,1,0,50.3581,57.0618,-1,-1,-1,1.83265,0,0,0,-2.11875,0,0,0,5.37991,0,0,0
594,0,0,28.8757,-1,-1,-1,-1,0,0,0,0,0,0,0,0,0,0,0,0
595,2,0,103.029,62.6946,58.5244,-1,-1,0.137427,-0.653952,0,0,2.50696,0.941257,0,0,11.5594,12.5203,0,0
596,0,0,122.438,-1,-1,-1,-1,0,0,0,0,0,0,0,0,0,0,0,0
597,2,0,84.7962,49.9497,45.6185,-1,-1,0.26044,-0.793662,0,0,2.33995,-1.26182,0,0,8.1648,9.10687,0,0
598,1,0,66.0647,97.453,-1,-1,-1,-0.0357586,0,0,0,2.77975,0,0,0,17.7322,0,0,0
599,1,0,84.5027,44.3179,-1,-1,-1,1.80912,0,0,0,2.65711,0,0,0,7.47453,0,0,0
600,1,0,99.1902,68.0934,-1,-1,-1,-0.601551,0,0,0,1.90705,0,0,0,6.49743,0,0,0
601,0,0,36.1581,-1,-1,-1,-1,0,0,0,0,0,0,0,0,0,0,0,0
602,1,0,49.9848,115.335,-1,-1,-1,1.25213,0,0,0,1.41563,0,0,0,10.9877,0,0,0
603,1,0,44.9358,78.1308,-1,-1,-1,1.9671,0,0,0,0.961932,0,0,0,4.05596,0,0,0
604,3,0,332.708,571.274,199.314,85.2578,-1,-2.22142,-0.934096,-0.282918,0,1.28164,-2.05253,-1.58243,0,42.852,28.3401,8.02887,0
605,2,0,30.6532,60.8484,37.9044,-1,-1,0.956945,0.784187,0,0,-2.2282,0.74614,0,0,8.17799,6.36492,0,0
606,1,0,131.623,127.075,-1,-1,-1,0.0294136,0,0,0,-2.9947,0,0,0,23.1387,0,0,0
607,1,0,61.4508,61.1258,-1,-1,-1,1.22528,0,0,0,2.27282,0,0,0,9.91839,0,0,0
608,1,0,27.9476,61.8197,-1,-1,-1,-0.661389,0,0,0,-0.719907,0,0,0,6.74806,0,0,0
609,1,0,227.728,167.311,-1,-1,-1,2.06917,0,0,0,1.35217,0,0,0,22.7595,0,0,0
610,1,0,49.6061,51.7238,-1,-1,-1,0.0142828,0,0,0,1.33772,0,0,0,8.87931,0,0,0
611,1,0,69.9782,81.2884,-1,-1,-1,-0.516325,0,0,0,-3.05453,0,0,0,10.8529,0,0,0
612,2,0,135.144,73.643,42.38,-1,-1,-1.46537,-1.87781,0,0,2.97255,2.678,0,0,11.954,5.14123,0,0
613,2,0,61.7619,65.6353,40.928,-1,-1,-0.126263,0.416318,0,0,1.15098,0.354044,0,0,10.007,7.58588,0,0
614,2,0,10.6292,45.3307,39.7853,-1,-1,0.975677,1.97756,0,0,1.45654,-2.86559,0,0,6.80279,6.44269,0,0
615,3,0,220.903,282.139,61.6314,49.6649,-1,-0.650321,-0.681032,-1.16968,0,-1.97555,2.06281,-0.261795,0,24.7228,11.6191,7.99102,0
616,2,0,150.484,108.063,44.3519,-1,-1,0.370105,-0.703002,0,0,-0.53424,-0.720127,0,0,11.9686,8.00612,0,0
617,1,0,117.538,43.4437,-1,-1,-1,-1.13614,0,0,0,-1.76286,0,0,0,7.76632,0,0,0
618,3,0,159.614,190.277,94.2295,50.8791,-1,-1.26249,0.217005,0.318058,0,1.42658,-2.39662,0.226485,0,33.7059,12.1812,10.545,0
619,0,0,41.7747,-1,-1,-1,-1,0,0,0,0,0,0,0,0,0,0,0,0
620,1,0,69.3521,37.6473,-1,-1,-1,0.916989,0,0,0,-1.82252,0,0,0,6.73781,0,0,0
621,1,0,108.549,72.0487,-1,-1,-1,0.303649,0,0,0,2.28783,0,0,0,12.8166,0,0,0
622,1,0,33.3359,63.6351,-1,-1,-1,-2.24419,0,0,0,-2.05686,0,0,0,13.6769,0,0,0
623,2,0,160.597,83.7878,41.1722,-1,-1,0.452298,-0.04712,0,0,2.03545,-0.653218,0,0,10.64,7.55554,0,0
624,3,0,44.491,63.173,57.8093,54.4779,-1,-0.755854,0.416815,-2.1404,0,-0.896318,-1.46212,1.32489,0,11.7774,7.78646,6.95049,0
625,2,0,57.5204,47.922,46.6243,-1,-1,0.0151989,0.458872,0,0,1.24634,2.56126,0,0,11.437,8.89117,0,0
626,2,0,97.1358,85.0371,54.0528,-1,-1,2.04846,-1.35036,0,0,1.28376,-0.0457159,0,0,17.7541,6.96105,0,0
627,3,0,76.4102,161.747,85.8105,38.5817,-1,0.570093,1.63019,-0.0236387,0,-0.452093,2.04101,2.70042,0,20.5182,12.9172,8.12685,0
628,2,0,165.187,224.36,87.212,-1,-1,-0.191765,1.42059,0,0,-2.34795,-0.466163,0,0,22.7676,8.71012,0,0
629,1,0,131.471,141.458,-1,-1,-1,0.832649,0,0,0,-1.77101,0,0,0,13.0705,0,0,0
630,2,0,190.168,116.684,49.4547,-1,-1,2.33102,1.24566,0,0,-3.09276,2.06761,0,0,14.0622,8.80805,0,0
631,2,0,79.9128,74.4928,43.25,-1,-1,-1.2305,-1.32125,0,0,-0.665107,-2.64874,0,0,16.5326,6.68001,0,0
632,2,0,208.5,158.972,77.2607,-1,-1,1.30984,0.4757,0,0,1.23232,0.610269,0,0,14.672,11.6839,0,0
633,1,0,51.8068,78.578,-1,-1,-1,-2.01849,0,0,0,1.73311,0,0,0,7.83092,0,0,0
634,2,0,133.972,73.635,38.3172,-1,-1,-1.86016,-2.3772,0,0,-2.81818,3.09063,0,0,12.8553,6.44815,0,0
635,0,0,228.003,-1,-1,-1,-1,0,0,0,0,0,0,0,0,0,0,0,0
636,3,0,79.0669,123.68,60.0309,40.2437,-1,-0.182813,1.72269,-1.62862,0,1.58017,-0.743758,-0.247107,0,15.8643,12.2544,7.79053,0
637,3,0,110.498,100.651,57.4628,36.1734,-1,1.4177,-0.724129,1.75716,0,2.90492,-2.09,1.13283,0,23.0538,11.8329,5.71378,0
638,1,0,82.0928,95.0081,-1,-1,-1,-0.372907,0,0,0,1.58383,0,0,0,15.7607,0,0,0
639,2,0,48.1896,50.3714,36.9041,-1,-1,0.0880589,0.0130477,0,0,2.58426,0.888858,0,0,10.2584,8.70352,0,0
640,3,0,202.21,155.352,48.9437,42.0479,-1,-1.10054,-0.494518,-1.31193,0,-3.11598,3.12764,2.13573,0,10.8118,8.21224,5.21216,0
641,0,0,24.3027,-1,-1,-1,-1,0,0,0,0,0,0,0,0,0,0,0,0
642,4,0,227.676,167.628,77.3569,68.8421,38.2241,0.703919,-1.39445,-0.7431,-0.257673,-2.86828,-2.11302,1.15884,-2.39599,22.472,21.414,8.98043,8.31108
643,2,0,99.9835,57.9084,37.9892,-1,-1,1.34125,0.554262,0,0,-1.51558,-1.48222,0,0,11.6507,7.23733,0,0
644,3,0,43.1917,49.0954,38.4657,35.7602,-1,0.271162,2.27181,0.0220132,0,2.88231,-0.649508,0.597145,0,6.5284,7.46336,5.88572,0
645,5,0,72.2484,269.671,83.1635,66.6114,53.1651,-0.523769,-1.43063,1.0186,1.29184,2.7546,-0.498926,0.0464844,-0.748835,36.564,10.4666,10.9722,11.5747
646,2,0,40.0031,52.0311,46.871,-1,-1,-0.19194,0.673495,0,0,2.88905,0.492955,0,0,10.6145,7.46788,0,0
647,1,0,122.366,168.146,-1,-1,-1,-0.89304,0,0,0,1.34397,0,0,0,18.2431,0,0,0
648,2,0,132.778,211.942,102.957,-1,-1,-0.152105,-0.125999,0,0,2.3467,0.0819344,0,0,24.4387,12.6816,0,0
649,3,0,56.4459,163.732,96.0286,43.5072,-1,-1.44951,-1.23583,-1.27717,0,-2.12154,-2.87995,0.933637,0,21.7191,13.1734,6.67721,0
650,2,0,156.912,143.621,56.7038,-1,-1,-0.809809,-0.14775,0,0,-1.42365,-0.470493,0,0,20.495,10.6552,0,0
651,2,0,56.5752,44.8676,44.3293,-1,-1,-0.47091,-0.0633912,0,0,1.04042,2.32512,0,0,8.42278,8.7718,0,0
652,4,0,421.967,517.565,126.73,106.276,74.0356,-0.67414,1.52485,-1.01665,0.166317,2.29028,0.885639,-0.832307,-0.645234,24.9871,17.1448,14.1113,7.74161
653,0,0,80.2408,-1,-1,-1,-1,0,0,0,0,0,0,0,0,0,0,0,0
654,2,0,127.483,93.6657,50.2096,-1,-1,-1.77884,0.475141,0,0,2.00355,2.54963,0,0,9.53672,8.27607,0,0
655,3,0,146.212,143.223,66.7898,37.0213,-1,1.08241,-2.27662,-0.958979,0,0.0273253,1.71868,2.95045,0,20.1932,10.4918,6.53138,0
656,0,0,39.6014,-1,-1,-1,-1,0,0,0,0,0,0,0,0,0,0,0,0
657,3,0,151.087,66.7866,38.2761,36.1612,-1,-0.249736,0.17426,-1.69269,0,-1.94595,2.62141,1.41917,0,2.78237,4.15452,6.21599,0
658,1,0,154.269,125.543,-1,-1,-1,-0.089432,0,0,0,1.0079,0,0,0,13.3065,0,0,0
659,2,0,72.2219,100.943,64.7497,-1,-1,-0.532085,-0.0933999,0,0,0.924446,2.32792,0,0,9.71563,9.12099,0,0
660,2,0,74.2737,111.353,45.8856,-1,-1,2.19606,-0.393875,0,0,-2.7852,1.39375,0,0,9.93028,7.75776,0,0
661,5,0,189.583,236.901,155.66,59.3302,42.5373,0.28427,1.14937,-0.00860943,-1.14045,-2.13437,1.46708,-1.48568,-1.22385,22.6834,30.1812,8.34341,5.39634
662,2,0,69.9374,67.714,37.8466,-1,-1,0.677932,0.518045,0,0,-0.205082,2.63744,0,0,10.217,7.7666,0,0
663,3,0,29.3244,105.794,54.3798,49.852,-1,-1.7318,0.868876,-1.48022,0,-1.86832,1.14247,0.352635,0,10.4589,9.28941,7.17806,0
664,2,0,55.547,44.5941,43.4115,-1,-1,0.00800625,-0.71496,0,0,-0.226039,-0.782093,0,0,7.1603,6.46597,0,0
665,1,0,45.6748,56.291,-1,-1,-1,2.15963,0,0,0,-0.247057,0,0,0,12.5249,0,0,0
666,3,0,160.418,176.505,43.6217,38.0448,-1,0.827367,1.37154,0.688824,0,-1.2323,2.70009,-0.209702,0,21.8217,9.23032,7.98584,0
667,2,0,64.974,62.4888,43.1055,-1,-1,-0.920869,-1.83684,0,0,-2.0778,-0.0225173,0,0,9.78106,8.05245,0,0
668,1,0,62.2581,40.3409,-1,-1,-1,0.66608,0,0,0,1.35146,0,0,0,6.1179,0,0,0
669,1,0,51.2584,60.9459,-1,-1,-1,1.2485,0,0,0,2.12784,0,0,0,8.67289,0,0,0
670,1,0,56.7444,37.708,-1,-1,-1,-0.322905,0,0,0,-2.5042,0,0,0,6.30997,0,0,0
671,0,0,218.6,-1,-1,-1,-1,0,0,0,0,0,0,0,0,0,0,0,0
672,1,0,29.9101,64.9061,-1,-1,-1,-2.13652,0,0,0,0.372468,0,0,0,6.51162,0,0,0
673,2,0,637.617,837.438,249.404,-1,-1,0.664312,1.08926,0,0,3.06833,-0.351869,0,0,52.0366,19.7439,0,0
674,1,0,43.2315,59.2442,-1,-1,-1,-1.43306,0,0,0,-0.701022,0,0,0,12.5316,0,0,0
675,3,0,19.7339,59.1065,51.3112,50.502,-1,-0.706786,0.285005,0.37994,0,1.36775,-0.642322,-2.95574,0,12.6101,6.9208,13.6563,0
676,0,0,62.931,-1,-1,-1,-1,0,0,0,0,0,0,0,0,0,0,0,0
677,2,0,118.251,52.9097,51.0537,-1,-1,-0.926221,-1.27198,0,0,-0.926762,-0.180641,0,0,11.9537,11.2729,0,0
678,2,0,20.5273,39.3089,35.5408,-1,-1,-1.08065,-1.55284,0,0,1.48477,-1.19058,0,0,9.70278,7.44358,0,0
679,2,0,28.8484,60.5127,40.2252,-1,-1,-0.0133838,-0.345464,0,0,1.64416,-1.90595,0,0,13.8202,7.91944,0,0
680,2,0,74.9996,60.5954,44.7269,-1,-1,-0.640695,2.1357,0,0,2.2375,-0.270484,0,0,5.66835,9.43495,0,0
681,2,0,45.3251,97.276,91.3885,-1,-1,-1.33475,-1.96955,0,0,0.0751662,3.06453,0,0,12.8814,7.69066,0,0
682,4,0,78.0085,71.8089,70.7234,60.5261,55.6555,0.0212554,1.593,-1.16756,0.70309,2.99506,-1.09872,2.78706,-0.0140787,16.1137,14.0376,12.5217,10.3495
683,2,0,107.301,111.668,43.2482,-1,-1,-0.934453,-1.22778,0,0,0.657441,-1.55712,0,0,16.46,7.57676,0,0
684,0,0,61.8642,-1,-1,-1,-1,0,0,0,0,0,0,0,0,0,0,0,0
685,0,0,30.6718,-1,-1,-1,-1,0,0,0,0,0,0,0,0,0,0,0,0
686,4,0,184.664,177.09,102.37,51.7003,46.6131,1.93598,0.948677,0.708434,1.52827,-1.20237,0.918394,-0.515815,-2.92231,18.1089,13.8144,7.20972,7.3296
687,4,0,110.333,398.384,217.186,121.37,53.7038,2.28021,1.70095,1.44964,-0.918525,-0.907753,2.37418,1.79676,-1.94668,37.7293,28.5702,22.3636,11.7432
688,1,0,53.6689,59.3713,-1,-1,-1,2.25961,0,0,0,-2.56971,0,0,0,7.97531,0,0,0
689,2,0,73.1734,74.4031,37.2023,-1,-1,-1.94903,-0.30752,0,0,-0.784941,0.949582,0,0,8.88003,7.43309,0,0
690,0,0,70.1398,-1,-1,-1,-1,0,0,0,0,0,0,0,0,0,0,0,0
691,3,0,56.9459,120.564,83.6714,35.678,-1,-0.689926,0.496622,1.65395,0,-2.34986,0.243415,0.737828,0,22.7391,18.0922,5.96155,0
692,4,0,59.4236,151.466,98.2891,57.1683,46.5916,-1.65547,-0.998929,-0.0309796,-0.71382,2.10235,-1.08972,-1.0105,1.01399,17.4998,17.1141,9.00957,9.5742
693,1,0,126.565,46.649,-1,-1,-1,-2.22082,0,0,0,-0.499231,0,0,0,8.45916,0,0,0
694,4,0,234.936,410.193,72.3708,48.9404,36.6192,-0.886527,-1.70192,-1.37633,-1.59485,-2.8193,0.169312,-0.638391,1.86686,36.9906,11.9532,7.22636,8.69717
695,2,0,50.4121,174.392,63.6017,-1,-1,1.33075,0.50061,0,0,-0.0228764,2.21658,0,0,22.8003,15.0248,0,0
696,2,0,35.4117,68.4289,43.5046,-1,-1,-0.756842,1.00824,0,0,-2.61872,1.44328,0,0,14.1947,10.7223,0,0
697,4,0,269.401,343.402,293.385,73.0551,57.4771,1.17267,0.18592,0.0855878,0.5891,1.93991,-1.55411,-0.487571,1.77657,72.9415,28.95,10.7424,8.78897
698,1,0,14.9022,43.3606,-1,-1,-1,1.19238,0,0,0,-2.00595,0,0,0,8.95391,0,0,0
699,1,0,27.5621,56.8604,-1,-1,-1,-1.5217,0,0,0,-1.88431,0,0,0,9.16002,0,0,0
700,2,0,44.7976,41.3883,36.7207,-1,-1,0.592324,1.93937,0,0,1.83816,-0.921699,0,0,6.21599,6.07847,0,0
701,1,0,74.2502,59.0846,-1,-1,-1,2.08378,0,0,0,-0.747003,0,0,0,5.3363,0,0,0
702,3,0,33.8859,56.5564,46.7018,44.0871,-1,-1.2633,-1.87253,-0.421564,0,-1.57018,2.9943,0.483698,0,9.98376,7.03028,8.42157,0
703,4,0,43.9441,151.971,117.727,75.2452,45.8649,0.0257766,0.0517391,-1.94039,-2.06512,-0.571448,2.09779,2.83069,-2.05803,19.7775,19.9747,9.44941,6.42212
704,3,0,85.4176,101.503,51.7219,46.5972,-1,1.09325,1.84792,2.10249,0,2.44485,-0.0456281,-2.84299,0,12.4936,9.74799,5.84327,0
705,2,0,83.2221,51.7289,37.5075,-1,-1,0.00810219,-1.19466,0,0,-1.37126,-3.11472,0,0,6.13938,7.20433,0,0
706,3,0,154.146,169.889,47.2461,36.2377,-1,1.10493,0.523102,-0.337507,0,-0.735181,-1.01784,-2.84933,0,25.6342,7.01248,4.90533,0
707,3,0,50.5926,138.048,59.6997,37.0795,-1,-0.9376,-1.02682,-0.107258,0,-2.34503,0.560914,2.48521,0,23.3747,7.92862,7.28695,0
708,3,0,43.7588,79.9524,68.8088,46.5328,-1,-0.1587,2.37209,-0.504809,0,1.61137,-0.56381,-2.34366,0,16.6555,10.0075,6.55913,0
709,2,0,107.782,67.5919,66.3279,-1,-1,-0.956088,0.86983,0,0,-1.35515,-0.671148,0,0,14.2396,10.1368,0,0
710,3,0,89.9732,138.195,74.3256,64.2696,-1,1.44039,0.0189861,-0.542722,0,2.83198,-0.499695,1.05876,0,15.08,13.7173,11.7653,0
711,3,0,77.0557,61.8487,48.2047,37.6299,-1,-1.93304,-0.915013,-0.310865,0,-2.77895,2.45558,1.3341,0,12.2347,11.267,8.99509,0
712,2,0,47.0389,107.306,104.51,-1,-1,-1.64559,1.59677,0,0,-2.72887,0.814288,0,0,12.2274,12.491,0,0
713,3,0,356.557,505.885,154.093,98.24,-1,1.83454,-2.39368,1.61248,0,2.758,-1.645,-0.139656,0,31.4815,15.1569,16.4315,0
714,1,0,50.4161,63.0337,-1,-1,-1,1.84804,0,0,0,2.31033,0,0,0,6.84736,0,0,0
715,0,0,29.1185,-1,-1,-1,-1,0,0,0,0,0,0,0,0,0,0,0,0
716,0,0,45.5055,-1,-1,-1,-1,0,0,0,0,0,0,0,0,0,0,0,0
717,3,0,7.95241,98.868,87.9468,49.5207,-1,-0.314113,-0.900046,-0.696323,0,2.66904,-1.21724,0.677489,0,11.1672,13.7107,7.48861,0
718,2,0,70.7289,90.4339,60.2148,-1,-1,0.978214,-1.69923,0,0,0.118838,2.10683,0,0,16.0374,11.4172,0,0
719,2,0,109.277,61.8458,45.1038,-1,-1,0.561022,1.07497,0,0,0.128362,-1.69158,0,0,9.39004,8.70107,0,0
720,2,0,43.7387,121.519,80.6697,-1,-1,-0.452883,-1.67522,0,0,1.43813,-2.07473,0,0,14.069,9.56806,0,0
721,2,0,295.918,167.323,150.616,-1,-1,-0.650517,-0.973709,0,0,-0.749078,-1.39521,0,0,18.9198,18.0957,0,0
722,2,0,65.1416,57.4274,43.9203,-1,-1,0.471134,1.10635,0,0,0.460027,-1.52798,0,0,11.2881,7.07314,0,0
723,3,0,136.711,476.483,279.814,39.33,-1,0.53205,-2.06684,-2.05326,0,-2.11532,1.22214,1.73493,0,31.0716,46.8661,5.16597,0
724,3,0,195.594,133.104,54.08,53.4827,-1,1.4996,0.278804,0.964949,0,-2.71297,-2.95556,-0.15072,0,21.8144,13.2657,9.2146,0
725,3,0,75.6657,116.926,94.0159,92.5995,-1,-0.928589,-1.69777,-1.12392,0,1.28899,-1.4328,2.5748,0,11.1145,15.9177,13.4287,0
726,1,0,95.2098,58.4644,-1,-1,-1,2.03571,0,0,0,-0.0604951,0,0,0,8.61874,0,0,0
727,2,0,150.227,134.454,43.0099,-1,-1,-1.57588,1.79646,0,0,2.8911,-2.18997,0,0,13.0219,8.81158,0,0
728,3,0,113.104,166.812,90.043,55.579,-1,-0.801339,-2.11088,-1.77196,0,2.06539,-0.97282,2.09901,0,19.6696,13.3952,9.97402,0
729,1,0,124.009,66.6838,-1,-1,-1,-0.759229,0,0,0,0.706395,0,0,0,13.907,0,0,0
730,2,0,93.0084,146.927,70.1977,-1,-1,-0.341918,2.16282,0,0,-0.277809,2.56847,0,0,16.4727,9.16514,0,0
731,0,0,100.315,-1,-1,-1,-1,0,0,0,0,0,0,0,0,0,0,0,0
732,0,0,53.5057,-1,-1,-1,-1,0,0,0,0,0,0,0,0,0,0,0,0
733,0,0,24.4184,-1,-1,-1,-1,0,0,0,0,0,0,0,0,0,0,0,0
734,2,0,61.9156,177.674,110.795,-1,-1,1.26323,-1.68431,0,0,-2.30275,1.26039,0,0,18.1833,20.0256,0,0
735,2,0,50.9469,38.0327,36.1556,-1,-1,-0.904334,-0.913488,0,0,0.32438,-1.64757,0,0,6.13722,3.03527,0,0
736,1,0,43.609,42.4798,-1,-1,-1,-2.13296,0,0,0,1.20434,0,0,0,9.32351,0,0,0
737,2,0,57.4395,255.914,199.16,-1,-1,0.492987,0.46403,0,0,-0.967113,1.81201,0,0,19.313,43.5137,0,0
738,4,0,163.59,70.4455,64.2572,58.9857,49.3644,-1.09756,-1.90143,-0.951549,1.1873,-1.06028,-1.09675,-0.139827,1.45842,9.15005,6.71231,8.91704,10.7093
739,1,0,42.3065,37.2803,-1,-1,-1,1.30632,0,0,0,-1.32014,0,0,0,6.52354,0,0,0
740,3,0,49.8815,118.535,116.89,105.494,-1,-0.909412,-0.681314,-0.240817,0,2.26616,-1.57357,1.27208,0,2.73689,22.8997,3.04009,0
741,0,0,7.36806,-1,-1,-1,-1,0,0,0,0,0,0,0,0,0,0,0,0
742,5,0,89.0091,83.4871,82.1064,68.0936,63.9688,0.979284,0.628119,0.798069,2.33192,-1.39822,1.42012,-2.41361,0.943834,11.8043,12.5102,8.42715,8.15895
743,0,0,75.2543,-1,-1,-1,-1,0,0,0,0,0,0,0,0,0,0,0,0
744,3,0,115.138,139.845,79.1102,41.0553,-1,1.33301,2.38203,1.97128,0,-0.766737,2.14381,-1.03303,0,22.926,14.3578,5.87763,0
745,1,0,99.6164,106.966,-1,-1,-1,-1.403,0,0,0,-0.0555492,0,0,0,15.2539,0,0,0
746,2,0,50.3296,197.183,134.319,-1,-1,0.576186,-1.34974,0,0,2.99224,0.0762187,0,0,23.825,19.8428,0,0
747,2,0,126.189,64.9798,63.9781,-1,-1,1.92603,0.939912,0,0,2.85075,1.5324,0,0,8.32544,9.14804,0,0
748,4,0,285.348,92.1583,56.9383,56.1223,40.2802,-2.19096,-2.26621,-1.44149,1.11406,-0.397771,0.991954,0.646683,1.07439,7.89191,10.8008,8.10884,5.33072
749,2,0,104.533,167.91,145.328,-1,-1,-1.68974,1.39592,0,0,1.4348,-2.29258,0,0,19.3281,13.6075,0,0
750,3,0,190.351,257.838,50.0142,41.0812,-1,0.366173,0.783635,-1.09549,0,1.286,0.198466,-0.328805,0,22.5091,10.6348,7.56835,0
751,1,0,48.3381,58.0381,-1,-1,-1,-0.211925,0,0,0,1.77025,0,0,0,13.33,0,0,0
752,2,0,301.915,316.821,43.0711,-1,-1,-0.00169155,-0.0663063,0,0,-0.953149,2.86656,0,0,38.5856,7.23467,0,0
753,1,0,82.907,51.498,-1,-1,-1,0.228374,0,0,0,1.06106,0,0,0,9.99255,0,0,0
754,1,0,50.8451,45.2328,-1,-1,-1,2.11795,0,0,0,-3.0841,0,0,0,4.94115,0,0,0
755,0,0,124.501,-1,-1,-1,-1,0,0,0,0,0,0,0,0,0,0,0,0
756,1,0,165.009,214.32,-1,-1,-1,0.603776,0,0,0,-0.070369,0,0,0,15.4276,0,0,0
757,3,0,83.9207,189.153,51.7523,48.9092,-1,-2.04142,1.09609,1.78584,0,-1.8769,1.8404,0.762076,0,18.9153,8.59301,9.00834,0
758,2,0,51.8829,94.7751,67.2021,-1,-1,-1.15117,1.21845,0,0,1.50096,-1.43242,0,0,12.0468,8.09497,0,0
759,1,0,73.0504,54.1202,-1,-1,-1,-0.444195,0,0,0,0.2551,0,0,0,7.87755,0,0,0
760,2,0,96.0048,76.654,60.0249,-1,-1,1.03327,0.550871,0,0,-2.10268,-0.392291,0,0,12.0833,10.822,0,0
761,0,0,58.5426,-1,-1,-1,-1,0,0,0,0,0,0,0,0,0,0,0,0
762,2,0,48.3119,100.743,89.9152,-1,-1,1.19273,1.11616,0,0,-1.06203,2.00942,0,0,21,12.8446,0,0
763,0,0,18.6459,-1,-1,-1,-1,0,0,0,0,0,0,0,0,0,0,0,0
764,2,0,51.4266,54.8706,38.8372,-1,-1,-0.543026,-1.04997,0,0,-2.72052,0.352381,0,0,8.19938,9.75426,0,0
765,3,0,134.454,256.083,71.4112,41.7583,-1,-1.84717,0.952832,2.14054,0,-2.6827,0.524691,0.895991,0,17.0845,4.25395,8.42281,0
766,1,0,27.5995,53.9572,-1,-1,-1,-0.936931,0,0,0,-1.48522,0,0,0,11.46,0,0,0
767,2,0,169.257,83.5284,37.0493,-1,-1,-0.794597,-0.385515,0,0,1.91552,0.374692,0,0,12.8675,6.74998,0,0
768,1,0,42.1471,35.4399,-1,-1,-1,-2.35716,0,0,0,0.52554,0,0,0,6.52314,0,0,0
769,2,0,91.3567,63.174,43.0537,-1,-1,1.34577,1.99833,0,0,1.32471,2.42597,0,0,5.8593,7.53567,0,0
770,1,0,65.0822,45.7904,-1,-1,-1,-0.0797881,0,0,0,2.98645,0,0,0,7.20642,0,0,0
771,2,0,95.1215,110.825,46.064,-1,-1,0.929695,-0.532201,0,0,1.78271,-1.23959,0,0,24.0806,7.4459,0,0
772,1,0,113.645,110.753,-1,-1,-1,0.1188,0,0,0,-1.79042,0,0,0,20.1702,0,0,0
773,0,0,32.1001,-1,-1,-1,-1,0,0,0,0,0,0,0,0,0,0,0,0
774,0,0,31.0449,-1,-1,-1,-1,0,0,0,0,0,0,0,0,0,0,0,0
775,2,0,161.749,102.13,58.7225,-1,-1,-0.846188,-0.658137,0,0,1.82124,2.24395,0,0,14.1681,6.59265,0,0
776,2,0,93.3348,55.7485,44.7336,-1,-1,1.5443,0.248075,0,0,-2.17421,-0.92446,0,0,13.3188,8.97275,0,0
777,3,0,19.6072,68.1491,59.2922,38.8182,-1,1.02943,0.615157,-1.00575,0,-2.96917,-0.543643,1.71358,0,5.27733,11.3249,7.06345,0
778,1,0,59.3835,48.2446,-1,-1,-1,0.905489,0,0,0,2.50058,0,0,0,8.42535,0,0,0
779,1,0,45.4861,61.0594,-1,-1,-1,-0.475685,0,0,0,-1.17359,0,0,0,10.1964,0,0,0
780,0,0,21.7344,-1,-1,-1,-1,0,0,0,0,0,0,0,0,0,0,0,0
781,3,0,13.9897,101.81,73.6453,44.3301,-1,0.886726,-2.21267,1.05317,0,-0.177008,2.30588,-1.77168,0,9.58648,13.6956,10.3712,0
782,2,0,28.2785,66.744,58.0427,-1,-1,1.62346,1.82251,0,0,-1.47024,1.69341,0,0,6.35778,14.1861,0,0
783,2,0,79.444,154.97,68.3891,-1,-1,-0.112294,1.11305,0,0,3.08853,0.582207,0,0,13.5992,9.02689,0,0
784,0,0,26.345,-1,-1,-1,-1,0,0,0,0,0,0,0,0,0,0,0,0
785,1,0,100.716,76.7848,-1,-1,-1,-1.57471,0,0,0,0.0218863,0,0,0,13.2403,0,0,0
786,3,0,98.519,65.7445,43.3201,41.6077,-1,-0.0221113,1.57842,-0.615025,0,0.287252,-0.501538,1.84399,0,11.0739,8.98477,4.52812,0
787,0,0,83.7901,-1,-1,-1,-1,0,0,0,0,0,0,0,0,0,0,0,0
788,1,0,73.3308,53.3931,-1,-1,-1,-0.105047,0,0,0,-1.83559,0,0,0,9.58972,0,0,0
789,1,0,98.1093,71.7819,-1,-1,-1,-0.0346788,0,0,0,-2.57201,0,0,0,9.43227,0,0,0
790,0,0,20.7758,-1,-1,-1,-1,0,0,0,0,0,0,0,0,0,0,0,0
791,0,0,86.7935,-1,-1,-1,-1,0,0,0,0,0,0,0,0,0,0,0,0
792,1,0,151.654,210.82,-1,-1,-1,-0.191596,0,0,0,-1.92779,0,0,0,26.8376,0,0,0
793,3,0,20.0975,227.298,103.742,40.6179,-1,-1.89804,-2.30736,-0.875934,0,2.03366,-0.8673,-0.0865724,0,23.6514,13.8849,8.87572,0
794,1,0,150.42,117.381,-1,-1,-1,1.70078,0,0,0,1.13497,0,0,0,18.3286,0,0,0
795,1,0,81.9694,62.0642,-1,-1,-1,0.00162984,0,0,0,0.151584,0,0,0,10.4366,0,0,0
796,3,0,166.344,75.5352,65.8476,37.1417,-1,-1.12428,-0.293746,0.633886,0,-2.61052,-2.23201,2.44861,0,19.8677,8.54793,6.87662,0
797,3,0,33.7521,88.9668,68.7537,62.5854,-1,0.999506,-0.573404,0.456093,0,-1.98107,0.476002,2.26187,0,14.0857,13.1392,12.219,0
798,0,0,31.5469,-1,-1,-1,-1,0,0,0,0,0,0,0,0,0,0,0,0
799,2,0,256.695,295.27,57.1879,-1,-1,-0.0131882,1.7445,0,0,1.38113,1.30043,0,0,38.8311,8.66089,0,0
800,3,0,11.8842,48.3494,41.5409,37.3783,-1,-0.626496,0.482153,-0.108836,0,-0.178046,-2.66852,0.361764,0,9.93887,9.75123,8.6789,0
801,2,0,39.5572,106.119,75.1835,-1,-1,0.942257,0.960266,0,0,-1.08183,1.55347,0,0,23.5122,13.4594,0,0
802,3,0,37.6921,106.778,65.5753,43.4165,-1,0.824603,0.98947,-1.3844,0,0.275426,1.0583,-1.77822,0,13.5558,14.5817,5.92021,0
803,1,0,40.0846,126.256,-1,-1,-1,-0.951585,0,0,0,-0.947884,0,0,0,13.7077,0,0,0
804,2,0,133.49,72.1485,53.6631,-1,-1,-2.1752,-1.1633,0,0,2.49841,2.78495,0,0,8.96786,9.36657,0,0
805,1,0,94.0727,82.9333,-1,-1,-1,0.523302,0,0,0,2.38211,0,0,0,9.62198,0,0,0
806,2,0,206.76,443.359,88.5996,-1,-1,0.650525,0.270158,0,0,-0.903593,2.45137,0,0,42.2658,11.5329,0,0
807,1,0,41.5295,64.273,-1,-1,-1,-1.25304,0,0,0,-1.51317,0,0,0,8.88085,0,0,0
808,6,0,98.9555,118.755,103.269,95.7185,72.2959,1.6491,1.2234,-0.0612553,1.97428,-2.83825,2.57549,-0.743985,-0.438707,16.209,11.6151,19.9943,11.4082
809,0,0,19.3004,-1,-1,-1,-1,0,0,0,0,0,0,0,0,0,0,0,0
810,3,0,1409.22,1865.61,480.544,136.2,-1,-0.0133153,0.56725,2.18574,0,-1.28827,1.55254,-2.21794,0,95.1557,32.9462,13.5474,0
811,1,0,55.5417,211.113,-1,-1,-1,0.493436,0,0,0,-0.449884,0,0,0,18.6696,0,0,0
812,1,0,7.1407,55.8061,-1,-1,-1,1.61378,0,0,0,-0.932863,0,0,0,9.80982,0,0,0
813,1,0,63.0589,57.7798,-1,-1,-1,-2.22915,0,0,0,0.166904,0,0,0,6.67076,0,0,0
814,1,0,49.0063,84.5805,-1,-1,-1,0.84364,0,0,0,2.09345,0,0,0,13.7175,0,0,0
815,0,0,97.3619,-1,-1,-1,-1,0,0,0,0,0,0,0,0,0,0,0,0
816,0,0,113.816,-1,-1,-1,-1,0,0,0,0,0,0,0,0,0,0,0,0
817,2,0,181.604,62.7266,59.8148,-1,-1,0.119986,-0.0711441,0,0,2.14207,-0.736457,0,0,9.11538,8.57656,0,0
818,5,0,477.487,548.665,96.0361,86.9027,79.9355,-1.82482,-1.18462,-1.10695,-0.935628,-2.91897,0.351879,1.63538,-0.674357,29.3818,7.63295,13.2881,12.2219
819,2,0,63.958,93.009,73.0513,-1,-1,-1.62172,1.5557,0,0,-0.602594,2.26983,0,0,10.2954,14.9935,0,0
820,4,0,118.622,152.157,86.8285,72.9045,37.7888,-0.462758,0.0724612,-1.99856,0.553189,-1.82633,0.811078,-1.70115,1.5801,20.5626,11.3765,8.9231,8.21191
821,2,0,86.9593,68.327,37.2342,-1,-1,-1.03029,1.40448,0,0,0.81067,1.48704,0,0,9.23218,6.66609,0,0
822,2,0,45.4606,45.1575,42.5536,-1,-1,0.24983,0.586891,0,0,-3.06818,-0.760812,0,0,5.53469,6.42893,0,0
823,0,0,87.7628,-1,-1,-1,-1,0,0,0,0,0,0,0,0,0,0,0,0
824,2,0,63.0734,54.9385,42.3178,-1,-1,0.692796,-0.500371,0,0,-1.46811,2.99607,0,0,6.93159,3.95454,0,0
825,1,0,34.853,54.3569,-1,-1,-1,0.710171,0,0,0,-2.39885,0,0,0,8.20694,0,0,0
826,0,0,70.1138,-1,-1,-1,-1,0,0,0,0,0,0,0,0,0,0,0,0
827,2,0,28.3682,88.6677,69.4624,-1,-1,-0.107587,-0.295043,0,0,-2.76913,-0.252261,0,0,13.7171,13.9979,0,0
828,1,0,51.3641,61.1176,-1,-1,-1,1.77098,0,0,0,-2.61038,0,0,0,9.51029,0,0,0
829,3,0,88.7331,155.238,72.9033,35.4853,-1,-0.194051,1.45157,-1.81144,0,2.29713,-0.267849,-1.74618,0,15.8235,16.5361,6.17063,0
830,1,0,127.929,104.412,-1,-1,-1,1.70192,0,0,0,-2.06463,0,0,0,16.697,0,0,0
831,3,0,139.041,64.7336,41.3862,36.6454,-1,-0.632436,-1.24865,0.532154,0,1.08524,1.03493,0.727801,0,9.51279,8.82136,8.82559,0
832,2,0,154.9,138.119,35.373,-1,-1,-1.94807,-0.0696414,0,0,0.0821268,-1.22185,0,0,6.47381,5.13718,0,0
833,2,0,97.1924,152.851,41.959,-1,-1,-0.665872,-0.487013,0,0,-2.02302,2.74938,0,0,16.6719,6.98323,0,0
834,0,0,56.1246,-1,-1,-1,-1,0,0,0,0,0,0,0,0,0,0,0,0
835,1,0,70.8229,82.6625,-1,-1,-1,0.557071,0,0,0,-0.640794,0,0,0,10.7332,0,0,0
836,1,0,37.332,53.9373,-1,-1,-1,0.837258,0,0,0,-2.73845,0,0,0,8.36976,0,0,0
837,3,0,88.0862,275.061,90.745,85.4988,-1,0.675811,-0.575217,-0.952601,0,1.61966,-2.10517,-1.42062,0,41.4728,6.91833,14.845,0
838,1,0,64.6311,89.2937,-1,-1,-1,-1.72144,0,0,0,2.01168,0,0,0,9.87294,0,0,0
839,2,0,28.014,37.6303,36.2942,-1,-1,2.14478,-1.55766,0,0,-1.83269,0.692938,0,0,5.35743,7.04384,0,0
840,0,0,63.4092,-1,-1,-1,-1,0,0,0,0,0,0,0,0,0,0,0,0
841,0,0,25.7809,-1,-1,-1,-1,0,0,0,0,0,0,0,0,0,0,0,0
842,2,0,20.7623,39.7299,39.7285,-1,-1,2.03804,0.14396,0,0,0.178055,-2.98888,0,0,7.63072,7.86211,0,0
843,1,0,17.1325,39.4639,-1,-1,-1,0.35909,0,0,0,-2.82494,0,0,0,6.68367,0,0,0
844,1,0,171.661,121.288,-1,-1,-1,0.472585,0,0,0,-2.95196,0,0,0,13.1577,0,0,0
845,2,0,216.72,202.899,59.168,-1,-1,1.05872,-1.27375,0,0,-0.394042,-0.823116,0,0,19.0966,7.86985,0,0
846,2,0,32.3317,223.606,143.487,-1,-1,2.38849,1.82758,0,0,0.267782,-3.02158,0,0,14.4057,14.8202,0,0
847,2,0,112.827,76.9068,47.5462,-1,-1,-1.77232,-0.651854,0,0,-2.24066,2.4738,0,0,17.3887,6.89156,0,0
848,3,0,97.0528,142.767,119.584,103.647,-1,-0.239941,0.452658,0.388889,0,-1.83899,1.51525,0.790126,0,10.4851,23.0357,12.7003,0
849,2,0,38.6406,99.3233,55.327,-1,-1,-0.0375777,1.27795,0,0,0.632192,-1.17751,0,0,18.9762,10.7653,0,0
850,1,0,129.051,37.3019,-1,-1,-1,-1.71878,0,0,0,0.708712,0,0,0,7.79291,0,0,0
851,0,0,135.548,-1,-1,-1,-1,0,0,0,0,0,0,0,0,0,0,0,0
852,4,0,34.1682,67.6801,52.0415,44.6849,36.9804,-1.77939,0.892096,-0.016775,0.943809,0.427557,-1.34747,-2.11443,-2.12321,12.4036,11.1082,5.7483,7.75494
853,1,0,47.3521,57.4026,-1,-1,-1,2.04549,0,0,0,1.41173,0,0,0,10.6722,0,0,0
854,2,0,105.531,166.394,100.417,-1,-1,-0.165679,0.284322,0,0,-1.68336,2.23297,0,0,16.8535,10.3789,0,0
855,1,0,59.5395,73.7173,-1,-1,-1,1.3122,0,0,0,0.57108,0,0,0,8.27672,0,0,0
856,0,0,43.7147,-1,-1,-1,-1,0,0,0,0,0,0,0,0,0,0,0,0
857,1,0,46.4612,58.4813,-1,-1,-1,0.801318,0,0,0,-0.0384387,0,0,0,9.1252,0,0,0
858,0,0,15.8304,-1,-1,-1,-1,0,0,0,0,0,0,0,0,0,0,0,0
859,2,0,114.765,114.197,43.4155,-1,-1,1.11431,1.31741,0,0,2.18807,3.0771,0,0,22.3317,4.93763,0,0
860,4,0,112.625,199.025,172.468,71.6188,35.3593,1.72632,0.567933,1.04171,0.464895,2.46443,-0.822527,2.74636,-2.87748,25.1713,28,15.8023,6.28189
861,3,0,37.7939,73.2818,44.8524,43.6785,-1,0.330605,0.302309,0.27392,0,-0.966276,2.12943,2.6848,0,8.5677,7.0654,7.86527,0
862,3,0,165.515,133.686,90.0952,53.3761,-1,-0.628926,-0.616768,0.196216,0,0.678731,-0.313539,-1.8076,0,14.0374,9.21911,10.1624,0
863,1,0,120.793,46.7731,-1,-1,-1,2.10225,0,0,0,2.22957,0,0,0,6.42503,0,0,0
864,1,0,53.8227,53.4361,-1,-1,-1,2.09643,0,0,0,-0.314043,0,0,0,7.27782,0,0,0
865,1,0,48.7808,39.654,-1,-1,-1,-0.730645,0,0,0,-0.812573,0,0,0,7.40086,0,0,0
866,4,0,132.302,75.8273,72.9748,58.4174,42.1337,1.27961,-0.244884,-2.18473,0.495645,1.66182,-1.88308,2.94576,-1.35154,14.6979,14.4508,11.345,9.30307
867,3,0,140.102,98.9578,85.2069,76.5511,-1,-0.12718,0.0250914,-0.145941,0,1.52798,-0.343557,-1.30346,0,18.0393,10.4613,17.3347,0
868,0,0,70.688,-1,-1,-1,-1,0,0,0,0,0,0,0,0,0,0,0,0
869,2,0,156.804,106.347,48.331,-1,-1,-0.827335,1.95946,0,0,1.47493,-0.00019005,0,0,11.8054,7.50517,0,0
870,1,0,67.9761,69.245,-1,-1,-1,-0.0187807,0,0,0,0.660339,0,0,0,10.0912,0,0,0
871,2,0,176.238,125.682,54.6888,-1,-1,1.98363,2.12555,0,0,-3.03491,2.18925,0,0,17.9041,8.07073,0,0
872,1,0,74.0257,81.5899,-1,-1,-1,-0.0982474,0,0,0,-0.22007,0,0,0,8.48835,0,0,0
873,2,0,93.2824,89.6013,60.7064,-1,-1,0.547903,1.93606,0,0,-3.03882,-2.68156,0,0,11.1845,6.64141,0,0
874,1,0,22.5851,69.2066,-1,-1,-1,1.4267,0,0,0,-2.19566,0,0,0,7.25868,0,0,0
875,1,0,187.669,164.022,-1,-1,-1,0.392094,0,0,0,0.952241,0,0,0,16.9762,0,0,0
876,1,0,39.8551,41.7614,-1,-1,-1,2.32725,0,0,0,-2.50971,0,0,0,5.35593,0,0,0
877,2,0,187.412,158.796,54.6349,-1,-1,-0.776189,-1.61174,0,0,-2.82739,-2.36632,0,0,17.8905,6.85248,0,0
878,3,0,185.838,80.8602,56.8358,51.2454,-1,1.39838,0.541568,-0.00611811,0,-2.82213,-2.65779,-0.354063,0,16.2729,12.2276,10.181,0
879,1,0,74.9964,74.6006,-1,-1,-1,-1.63712,0,0,0,-2.17586,0,0,0,9.927,0,0,0
880,3,0,100.324,95.4821,62.1545,47.3402,-1,-0.211157,-0.282151,-0.190253,0,-2.75853,0.593462,2.73192,0,16.7999,9.66726,9.63584,0
881,2,0,70.8113,85.2687,63.0879,-1,-1,-0.76186,2.30807,0,0,0.109772,1.64031,0,0,12.9258,12.4493,0,0
882,1,0,61.2181,47.7423,-1,-1,-1,-1.94837,0,0,0,-1.95183,0,0,0,6.62366,0,0,0
883,2,0,71.406,72.6958,39.9879,-1,-1,1.19963,-1.46341,0,0,-2.43452,2.54775,0,0,8.69099,9.20304,0,0
884,0,0,7.04562,-1,-1,-1,-1,0,0,0,0,0,0,0,0,0,0,0,0
885,1,0,98.0932,101.313,-1,-1,-1,-1.17083,0,0,0,-0.758539,0,0,0,13.8238,0,0,0
886,4,0,53.9887,154.943,78.6842,64.8137,49.1048,-1.76167,0.864469,-1.23229,-0.438044,-1.3487,1.11657,1.76337,-3.01873,14.3122,9.89363,10.4314,10.081
887,2,0,79.458,52.8435,40.6774,-1,-1,-1.00793,0.113569,0,0,-0.535196,1.44727,0,0,7.89236,6.22643,0,0
888,6,0,212.834,140.915,120.715,87.9061,75.7761,-0.643554,-0.460501,-0.0795016,-0.382861,-2.17205,-0.410019,0.435372,-1.11894,17.225,11.7973,13.0135,11.3706
889,1,0,50.3235,45.3153,-1,-1,-1,-1.53831,0,0,0,-0.282195,0,0,0,6.21837,0,0,0
890,1,0,28.0657,46.4674,-1,-1,-1,0.652961,0,0,0,-2.00873,0,0,0,6.15603,0,0,0
891,1,0,89.1882,111.44,-1,-1,-1,0.466918,0,0,0,-1.78558,0,0,0,16.5474,0,0,0
892,1,0,96.2571,53.5837,-1,-1,-1,-1.88509,0,0,0,-1.68124,0,0,0,9.20611,0,0,0
893,1,0,135.484,70.1943,-1,-1,-1,-1.68723,0,0,0,0.667905,0,0,0,8.23662,0,0,0
894,4,0,356.613,363.676,125.877,61.229,46.5617,0.986019,-0.715321,0.574263,1.04941,-0.338329,0.899932,-2.95404,1.90497,38.1155,16.4587,7.69301,10.6176
895,1,0,53.4397,53.4748,-1,-1,-1,-1.55075,0,0,0,0.915969,0,0,0,8.31021,0,0,0
896,0,0,74.5528,-1,-1,-1,-1,0,0,0,0,0,0,0,0,0,0,0,0
897,2,0,140.558,222.403,62.0947,-1,-1,-2.1126,0.401154,0,0,-2.10938,0.162362,0,0,24.257,11.5875,0,0
898,1,0,117.653,87.1027,-1,-1,-1,2.3321,0,0,0,-2.58835,0,0,0,10.6181,0,0,0
899,1,0,92.9165,150.137,-1,-1,-1,-0.628143,0,0,0,-2.89914,0,0,0,18.1476,0,0,0
900,1,0,50.3699,86.5821,-1,-1,-1,-0.580322,0,0,0,-2.81986,0,0,0,18.0585,0,0,0
901,2,0,97.088,88.1319,81.8866,-1,-1,-2.31549,-2.00482,0,0,-2.5606,-0.981788,0,0,11.9892,10.0919,0,0
902,2,0,78.5843,110.569,39.5853,-1,-1,0.626949,1.23767,0,0,1.21582,-3.09916,0,0,11.6921,9.17215,0,0
903,3,0,102.764,210.477,160.81,74.9733,-1,-2.29078,-0.788145,-1.66485,0,0.243367,-2.45072,-2.48929,0,30.1869,21.0463,14.3378,0
904,2,0,23.2872,48.5348,40.5486,-1,-1,-2.21512,-1.27012,0,0,-0.741573,2.73838,0,0,3.91883,4.62304,0,0
905,2,0,55.8528,106.805,70.628,-1,-1,0.749816,0.217559,0,0,2.31344,-1.06349,0,0,23.1636,10.8404,0,0
906,2,0,46.2626,45.0786,38.0162,-1,-1,-0.942889,-0.00444428,0,0,-2.12001,0.537062,0,0,8.20954,5.92426,0,0
907,1,0,43.2133,59.0221,-1,-1,-1,0.618043,0,0,0,-2.24123,0,0,0,12.7756,0,0,0
908,2,0,8.49508,58.3287,37.6859,-1,-1,-2.27013,-1.85491,0,0,0.248847,3.068,0,0,12.3115,8.45753,0,0
909,1,0,59.4154,37.909,-1,-1,-1,-1.36406,0,0,0,-2.63747,0,0,0,7.64142,0,0,0
910,2,0,132.863,58.3376,52.8728,-1,-1,-2.22933,-1.02125,0,0,0.575722,2.79339,0,0,9.64599,9.04132,0,0
911,1,0,65.732,38.4278,-1,-1,-1,-0.0189447,0,0,0,1.21553,0,0,0,8.63606,0,0,0
912,2,0,23.7148,48.1936,47.4797,-1,-1,-1.88589,-1.91347,0,0,2.59392,-1.17921,0,0,8.36383,6.6514,0,0
913,2,0,111.04,94.8205,46.7279,-1,-1,-1.46531,-0.235757,0,0,2.78867,2.01932,0,0,16.4645,7.33942,0,0
914,5,0,41.3123,127.596,65.797,59.7317,52.3839,-1.13925,-1.54814,-0.302633,-0.454168,1.52944,2.7882,-1.62386,-1.14627,15.0551,8.75833,9.32093,10.0005
915,3,0,199.219,168.961,106.983,70.5701,-1,0.345572,-0.25665,-0.528459,0,0.327084,2.25648,1.04446,0,15.5256,15.6992,10.6816,0
916,1,0,35.9116,67.3122,-1,-1,-1,1.87017,0,0,0,2.46191,0,0,0,5.93159,0,0,0
917,0,0,65.4846,-1,-1,-1,-1,0,0,0,0,0,0,0,0,0,0,0,0
918,5,0,195.696,310.866,91.7651,62.4227,40.7425,-0.870934,2.33468,-1.24891,-0.40867,0.642817,-0.899718,-1.3981,2.70799,24.2339,10.2652,6.06412,5.36773
919,4,0,207.41,183.91,160.792,92.5179,59.3181,1.87658,1.25546,1.50894,1.21396,-1.49929,-0.413537,-2.99161,1.43604,19.3554,25.5623,11.3775,8.80071
920,1,0,17.4535,36.1756,-1,-1,-1,1.4703,0,0,0,2.52898,0,0,0,9.30064,0,0,0
921,3,0,71.6921,203.922,188.236,108.552,-1,-1.98264,-0.270668,-0.934952,0,-1.29133,2.10075,2.54247,0,23.5158,14.3183,13.2991,0
922,1,0,253.255,218.093,-1,-1,-1,0.342474,0,0,0,3.06026,0,0,0,22.5452,0,0,0
923,3,0,101.564,199.033,69.0049,60.0793,-1,0.424382,-0.970065,-0.390783,0,-0.648146,1.44627,-2.69052,0,27.5863,13.3093,6.68072,0
924,1,0,61.6193,53.4656,-1,-1,-1,-0.207934,0,0,0,2.89492,0,0,0,7.0321,0,0,0
925,4,0,47.2471,198.383,165.936,41.8036,35.0714,-1.17202,-1.03813,-1.41849,1.70988,-2.50273,0.796878,0.204381,-2.61288,26.0561,16.9415,9.04574,6.72884
926,1,0,47.6504,52.9215,-1,-1,-1,1.12144,0,0,0,-2.29784,0,0,0,5.91834,0,0,0
927,1,0,27.9984,71.5272,-1,-1,-1,2.37085,0,0,0,3.10278,0,0,0,7.8058,0,0,0
928,4,0,99.5485,104.441,73.5222,50.5035,35.9456,-2.3269,-0.490397,-0.286914,0.0744421,-1.05424,0.159621,1.32082,-2.77894,10.2256,7.37999,10.1818,9.39945
929,2,0,186.466,194.408,46.8122,-1,-1,-0.181876,1.69226,0,0,-0.172956,2.52752,0,0,17.0128,9.27003,0,0
930,2,0,152.124,240.032,41.39,-1,-1,0.238737,0.633565,0,0,-0.27069,0.315465,0,0,13.8965,7.02536,0,0
931,2,0,74.9387,92.9288,73.0641,-1,-1,0.380165,0.997401,0,0,-2.32876,0.190485,0,0,19.916,14.7327,0,0
932,1,0,102.785,121.389,-1,-1,-1,2.13056,0,0,0,2.37111,0,0,0,19.4861,0,0,0
933,1,0,62.6352,43.0553,-1,-1,-1,-1.95314,0,0,0,-2.54649,0,0,0,3.5733,0,0,0
934,1,0,79.8573,62.1389,-1,-1,-1,1.22554,0,0,0,2.18972,0,0,0,16,0,0,0
935,2,0,200.122,134.028,63.532,-1,-1,2.02959,1.08874,0,0,-2.46821,-2.98464,0,0,15.7764,10.6157,0,0
936,1,0,32.4835,76.1593,-1,-1,-1,1.40246,0,0,0,0.00475017,0,0,0,11.3786,0,0,0
937,0,0,48.0748,-1,-1,-1,-1,0,0,0,0,0,0,0,0,0,0,0,0
938,4,0,166.044,146.202,116.198,95.9428,44.7039,-0.141347,0.639705,0.744048,2.33816,-1.2031,1.47349,-1.60107,2.14094,12.9183,12.3714,14.2373,7.01922
939,1,0,53.1355,43.4793,-1,-1,-1,0.212963,0,0,0,0.369281,0,0,0,9.9048,0,0,0
940,2,0,42.7407,60.132,39.5192,-1,-1,-0.667688,-1.76631,0,0,2.65354,-1.85967,0,0,7.97554,2.11046,0,0
941,1,0,69.575,61.618,-1,-1,-1,-1.35449,0,0,0,2.65909,0,0,0,13.4482,0,0,0
942,1,0,38.0318,44.2678,-1,-1,-1,-1.79524,0,0,0,-2.14654,0,0,0,7.7073,0,0,0
943,2,0,415.134,516.828,140.412,-1,-1,0.0602145,1.19719,0,0,-0.188263,-2.9701,0,0,33.4816,14.4059,0,0
944,4,0,10.7343,118.663,62.0046,61.3912,58.4523,0.0290123,2.13501,-0.485359,-0.691208,-0.115295,-2.49242,1.6874,-3.04693,13.4527,13.4862,7.57079,12.307
945,4,0,172.451,163.264,152.661,131.622,41.9547,0.510922,-0.759344,-0.153861,0.907417,1.15964,-2.49306,-3.05101,0.843578,18.7062,16.2246,21.848,6.37105
946,2,0,77.1545,140.439,36.967,-1,-1,1.29972,-1.02706,0,0,1.0616,-2.61425,0,0,21.8594,7.14401,0,0
947,1,0,99.2872,44.8661,-1,-1,-1,-1.27454,0,0,0,1.03916,0,0,0,7.11764,0,0,0
948,2,0,190.899,146.272,90.9848,-1,-1,2.32254,0.614802,0,0,-0.801433,0.235427,0,0,11.805,15.9297,0,0
949,2,0,51.5639,54.8035,37.7253,-1,-1,0.556417,-0.217382,0,0,1.41797,-1.14469,0,0,7.56705,5.21142,0,0
950,1,0,151.959,101.736,-1,-1,-1,2.03798,0,0,0,0.101701,0,0,0,10.3623,0,0,0
951,1,0,153.021,76.2452,-1,-1,-1,0.222793,0,0,0,0.0236654,0,0,0,14.4719,0,0,0
952,0,0,68.4428,-1,-1,-1,-1,0,0,0,0,0,0,0,0,0,0,0,0
953,2,0,32.0238,50.6734,42.1697,-1,-1,-0.363646,0.052046,0,0,-2.70326,0.587474,0,0,8.08496,7.10479,0,0
954,0,0,114.44,-1,-1,-1,-1,0,0,0,0,0,0,0,0,0,0,0,0
955,1,0,32.337,41.542,-1,-1,-1,0.595992,0,0,0,2.52736,0,0,0,5.82748,0,0,0
956,4,0,30.6534,154.999,142.604,113.376,69.6092,-0.436684,1.29156,-0.026262,-1.41911,-1.78455,0.0343404,1.84729,2.77272,22.5634,20.0062,15.6304,11.9277
957,0,0,36.936,-1,-1,-1,-1,0,0,0,0,0,0,0,0,0,0,0,0
958,2,0,69.518,181.21,127.254,-1,-1,1.82101,0.0303934,0,0,-2.42202,1.19164,0,0,30.7402,12.3446,0,0
959,3,0,193.552,171.083,125.235,109.897,-1,2.05183,0.134559,-1.08343,0,2.50525,0.380052,3.01732,0,23.0679,17.8746,10.2231,0
960,3,0,68.9748,208.927,71.2576,49.1975,-1,0.910147,-1.32933,0.33977,0,0.898131,-1.55263,-3.11147,0,18.2742,9.09754,6.73388,0
961,1,0,83.865,69.4651,-1,-1,-1,-0.735653,0,0,0,2.8285,0,0,0,4.87462,0,0,0
962,1,0,50.2159,45.3927,-1,-1,-1,2.2058,0,0,0,2.62536,0,0,0,6.13316,0,0,0
963,2,0,243.808,219.842,112.393,-1,-1,-2.34086,-1.69375,0,0,-2.53525,-2.30796,0,0,17.0654,12.7863,0,0
964,2,0,18.4235,69.5722,38.1138,-1,-1,-0.41333,-1.31414,0,0,0.679787,-1.69808,0,0,13.5642,6.16954,0,0
965,1,0,46.8175,36.2764,-1,-1,-1,-0.929612,0,0,0,-0.302489,0,0,0,4.49861,0,0,0
966,2,0,76.2684,75.435,46.521,-1,-1,0.890389,2.21598,0,0,1.7585,-1.48473,0,0,13.9876,9.45623,0,0
967,5,0,200.471,154.77,144.963,99.634,59.3459,-0.640234,-0.694079,-1.06062,-1.07253,-1.93222,1.34973,1.87493,0.935219,23.1092,26.6431,13.7365,11.4777
968,2,0,85.9436,61.1769,56.3606,-1,-1,1.51662,0.403297,0,0,-1.80452,0.234278,0,0,10.6581,7.63439,0,0
969,4,0,74.7576,213.975,136.76,95.5385,60.3596,-0.585024,-1.54408,-0.368703,0.113391,-0.250949,2.10999,-2.45024,-1.54094,26.7817,16.6537,14.0259,10.1755
970,2,0,81.6685,49.8606,43.3859,-1,-1,0.592766,-0.306046,0,0,2.07383,-1.66998,0,0,8.924,9.61328,0,0
971,3,0,72.5758,109.351,79.1656,46.8578,-1,0.378957,0.434423,0.629096,0,-2.2298,2.55503,0.407869,0,12.2171,11.37,6.36147,0
972,2,0,41.6136,56.0358,44.0482,-1,-1,-1.92788,-1.3425,0,0,-1.38282,0.536473,0,0,10.7069,5.50777,0,0
973,1,0,138.824,82.4319,-1,-1,-1,0.289543,0,0,0,-1.31588,0,0,0,14.3674,0,0,0
974,4,0,65.9469,66.0038,59.7913,47.6322,37.5387,-1.78505,-0.533771,-2.04045,-2.10395,-1.29236,3.10107,-0.903908,0.984424,11.6083,7.80247,6.00496,6.8202
975,1,0,29.5206,76.0477,-1,-1,-1,-0.544831,0,0,0,1.00746,0,0,0,10.6155,0,0,0
976,2,0,35.6481,69.168,37.5961,-1,-1,-1.73887,-0.603074,0,0,-0.603461,2.91497,0,0,11.5439,8.50572,0,0
977,2,0,37.342,41.1792,39.9212,-1,-1,-1.02653,1.15421,0,0,-1.6498,2.68826,0,0,7.91205,4.93186,0,0
978,1,0,91.6782,98.6966,-1,-1,-1,-0.769266,0,0,0,-3.10647,0,0,0,13.3145,0,0,0
979,6,0,79.9703,339.52,259.568,80.3816,64.2495,1.06093,-1.09073,1.37807,0.343514,1.14572,-2.32921,-1.07451,-1.6638,32.8372,40.1927,12.7813,10.684
980,1,0,27.3546,35.3358,-1,-1,-1,1.25542,0,0,0,-2.02214,0,0,0,5.90283,0,0,0
981,1,0,82.0001,52.1746,-1,-1,-1,-0.591503,0,0,0,-0.685864,0,0,0,10.5503,0,0,0
982,2,0,98.6155,149.031,37.7011,-1,-1,0.931747,-0.667291,0,0,-0.907446,1.71946,0,0,9.71258,8.10192,0,0
983,1,0,108.748,91.639,-1,-1,-1,-1.48578,0,0,0,1.71213,0,0,0,12.7517,0,0,0
984,1,0,176.984,144.218,-1,-1,-1,0.665854,0,0,0,1.68259,0,0,0,11.6695,0,0,0
985,3,0,82.4461,123.525,83.5357,46.1462,-1,0.568448,0.312073,0.122858,0,1.78565,-2.31,0.0420289,0,11.2177,17.0591,9.02182,0
986,1,0,78.29,48.5404,-1,-1,-1,0.294919,0,0,0,0.802388,0,0,0,3.52508,0,0,0
987,2,0,34.1181,53.1882,35.8326,-1,-1,1.65014,1.50512,0,0,-1.06975,1.39284,0,0,8.34991,7.89433,0,0
988,2,0,83.8969,130.761,41.9309,-1,-1,0.950902,1.77223,0,0,2.77054,-0.164548,0,0,27.5508,6.52,0,0
989,2,0,227.099,62.8837,53.4471,-1,-1,-1.60742,-1.13447,0,0,-0.582136,-0.807332,0,0,10.0772,8.10202,0,0
990,1,0,64.0153,42.2174,-1,-1,-1,0.0491143,0,0,0,2.80195,0,0,0,5.28336,0,0,0
991,1,0,113.114,157.534,-1,-1,-1,-0.197584,0,0,0,1.06991,0,0,0,15.8095,0,0,0
992,4,0,186.808,192.808,105.576,79.5935,63.9446,0.74518,0.0672787,0.0608292,0.605625,1.01922,-2.16899,1.26933,-0.0827628,33.5313,11.9425,13.0527,13.4643
993,0,0,38.6729,-1,-1,-1,-1,0,0,0,0,0,0,0,0,0,0,0,0
994,2,0,44.9678,56.3605,46.7817,-1,-1,0.501918,-0.219439,0,0,0.169084,2.98701,0,0,9.97215,8.21204,0,0
995,2,0,49.5636,64.9145,49.4815,-1,-1,-0.973162,0.127669,0,0,1.99643,0.232474,0,0,10.0728,7.0857,0,0
996,2,0,93.8902,49.9491,45.743,-1,-1,-1.37101,-1.18315,0,0,1.33657,2.02564,0,0,8.8623,9.09171,0,0
997,2,0,96.337,148.509,57.2569,-1,-1,-0.504716,0.386792,0,0,1.04173,-2.65864,0,0,22.4249,6.75554,0,0
998,2,0,125.088,120.051,77.613,-1,-1,-0.510938,0.316313,0,0,-1.96663,0.72334,0,0,21.5567,12.1106,0,0
999,3,0,136.914,59.0437,57.7256,37.7615,-1,-0.522481,0.0740164,-0.455765,0,-2.99276,-3.07515,-2.07818,0,6.35821,7.23251,5.41916,0
